country,country_abbrev,continent,year,population,population_millions,gdp_per_capita,life_expectancy,development_status,country_length,economic_score,continent_avg_life_exp,relative_life_expectancy,population_rank_in_continent,is_rich,is_populous
Japan,JAP,Asian Region,1992,124329269,124.33 mil.,26824.89511,79.36,High Income,5,212882.36759296,77.45096666666667,1.0246482828490626,4,TRUE,FALSE
"Hong Kong, China",HON,Asian Region,1992,5829696,5.83 mil.,24757.60301,77.601,High Income,16,192121.475117901,77.45096666666667,1.0019371395837968,17,TRUE,FALSE
Israel,ISR,Asian Region,1992,4936550,4.94 mil.,18051.52254,76.93,Middle Income,6,138870.36290022003,71.53518518518518,1.0754148437702244,17,FALSE,FALSE
Singapore,SIN,Asian Region,1992,3235865,3.24 mil.,24769.8912,75.788,High Income,9,187726.05142655998,77.45096666666667,0.9785287810051003,22,TRUE,FALSE
Kuwait,KUW,Asian Region,1992,1418095,1.42 mil.,34932.91959,75.19,High Income,6,262660.62239721,77.45096666666667,0.9708077669785915,27,TRUE,FALSE
Taiwan,TAI,Asian Region,1992,20686918,20.69 mil.,15215.6579,74.26,Middle Income,6,112991.4755654,71.53518518518518,1.0380905537290637,14,FALSE,FALSE
Bahrain,BAH,Asian Region,1992,529491,0.53 mil.,19035.57917,72.601,Middle Income,7,138200.208332117,71.53518518518518,1.0148991690180953,27,FALSE,FALSE
"Korea, Rep.",KOR,Asian Region,1992,43805450,43.81 mil.,12104.27872,72.244,Middle Income,11,87446.15118476801,71.53518518518518,1.0099086178777603,10,FALSE,FALSE
Oman,OMA,Asian Region,1992,1915208,1.92 mil.,18616.70691,71.197,Middle Income,4,132545.368187127,71.53518518518518,0.9952724636930804,26,FALSE,FALSE
Malaysia,MAL,Asian Region,1992,18319502,18.32 mil.,7277.912802,70.693,Middle Income,8,51449.7489711786,71.53518518518518,0.9882269797302544,16,FALSE,FALSE
Sri Lanka,SRI,Asian Region,1992,17587060,17.59 mil.,2153.739222,70.379,Low Income,9,15157.801270513803,64.05578666666666,1.0987141624883645,55,FALSE,FALSE
"Korea, Dem. Rep.",KOR,Asian Region,1992,20711375,20.71 mil.,3726.063507,69.978,Low Income,16,26074.247209284596,64.05578666666666,1.0924539942683293,47,FALSE,FALSE
West Bank and Gaza,WES,Asian Region,1992,2104779,2.1 mil.,6017.654756,69.718,Middle Income,18,41953.8854278808,71.53518518518518,0.9745973232545497,25,FALSE,FALSE
Lebanon,LEB,Asian Region,1992,3219994,3.22 mil.,6890.806854,69.292,Middle Income,7,47747.7788527368,71.53518518518518,0.9686422118097803,21,FALSE,FALSE
Syria,SYR,Asian Region,1992,13219062,13.22 mil.,3340.542768,69.249,Low Income,5,23132.924614123196,64.05578666666666,1.0810732894493633,62,FALSE,FALSE
Saudi Arabia,SAU,Asian Region,1992,16945857,16.95 mil.,24841.61777,68.768,High Income,12,170830.837080736,77.45096666666667,0.8878907902591273,11,TRUE,FALSE
China,CHI,Asian Region,1992,1164970000,1164.97 mil.,1655.784158,68.69,Low Income,5,11373.581381302,64.05578666666666,1.0723465212822823,4,FALSE,FALSE
Jordan,JOR,Asian Region,1992,3867409,3.87 mil.,3431.593647,68.015,Low Income,6,23339.9841900705,64.05578666666666,1.0618088316350915,70,FALSE,FALSE
Vietnam,VIE,Asian Region,1992,69940728,69.94 mil.,989.0231487,67.662,Low Income,7,6691.928428733941,64.05578666666666,1.0562980102344126,27,FALSE,TRUE
Thailand,THA,Asian Region,1992,56667095,56.67 mil.,4616.896545,67.298,Low Income,8,31070.790368541,64.05578666666666,1.0506154635209644,29,FALSE,TRUE
Philippines,PHI,Asian Region,1992,67185766,67.19 mil.,2279.324017,66.458,Low Income,11,15147.931552178597,64.05578666666666,1.0375018941822378,28,FALSE,TRUE
Iran,IRA,Asian Region,1992,60397973,60.4 mil.,7235.653188,65.742,Middle Income,4,47568.6311885496,71.53518518518518,0.919016283103368,6,FALSE,TRUE
Indonesia,IND,Asian Region,1992,184816000,184.82 mil.,2383.140898,62.681,Low Income,9,14937.7654627538,64.05578666666666,0.9785376663341787,12,FALSE,FALSE
Mongolia,MON,Asian Region,1992,2312802,2.31 mil.,1785.402016,61.271,Low Income,8,10939.3366922336,64.05578666666666,0.9565256035156023,75,FALSE,FALSE
Pakistan,PAK,Asian Region,1992,120065004,120.07 mil.,1971.829464,60.838,Low Income,8,11996.2160930832,64.05578666666666,0.9497658707493303,19,FALSE,FALSE
India,IND,Asian Region,1992,872000000,872 mil.,1164.406809,60.223,Low Income,5,7012.4071258407,64.05578666666666,0.9401648646263341,8,FALSE,TRUE
Iraq,IRA,Asian Region,1992,17861905,17.86 mil.,3745.640687,59.461,Low Income,4,22271.9540889707,64.05578666666666,0.9282689838690609,54,FALSE,FALSE
Myanmar,MYA,Asian Region,1992,40546538,40.55 mil.,347,59.32,Low Income,7,2058.404,64.05578666666666,0.9260677775872033,33,FALSE,FALSE
Bangladesh,BAN,Asian Region,1992,113704579,113.7 mil.,837.8101643,56.018,Low Income,10,4693.24497837574,64.05578666666666,0.8745189609723525,20,FALSE,FALSE
Cambodia,CAM,Asian Region,1992,10150094,10.15 mil.,682.3031755,55.803,Low Income,8,3807.4564102426493,64.05578666666666,0.8711625116773213,65,FALSE,FALSE
Nepal,NEP,Asian Region,1992,20326209,20.33 mil.,897.7403604,55.727,Low Income,5,5002.837706401079,64.05578666666666,0.8699760458800079,49,FALSE,FALSE
"Yemen, Rep.",YEM,Asian Region,1992,13367997,13.37 mil.,1879.496673,55.599,Low Income,11,10449.8135522127,64.05578666666666,0.8679777876950592,61,FALSE,FALSE
Afghanistan,AFG,Asian Region,1992,16317921,16.32 mil.,649.3413952,41.674,Low Income,11,2706.0653303564795,64.05578666666666,0.6505891531215291,57,FALSE,FALSE
Japan,JAP,Asian Region,1997,125956499,125.96 mil.,28816.58499,80.69,High Income,5,232521.02428430997,77.45096666666667,1.0418204377909634,3,TRUE,FALSE
"Hong Kong, China",HON,Asian Region,1997,6495918,6.5 mil.,28377.63219,80,High Income,16,227021.05752,77.45096666666667,1.032911575452684,14,TRUE,TRUE
Israel,ISR,Asian Region,1997,5531387,5.53 mil.,20896.60924,78.269,High Income,6,163555.670860556,77.45096666666667,1.0105619512388269,18,TRUE,FALSE
Singapore,SIN,Asian Region,1997,3802309,3.8 mil.,33519.4766,77.158,High Income,9,258629.57755028,77.45096666666667,0.9962173917347276,21,TRUE,FALSE
Kuwait,KUW,Asian Region,1997,1765345,1.77 mil.,40300.619960000004,76.156,High Income,6,306913.40136737603,77.45096666666667,0.9832801742521827,26,TRUE,FALSE
Taiwan,TAI,Asian Region,1997,21628605,21.63 mil.,20206.82098,75.25,High Income,6,152056.3278745,77.45096666666667,0.971582450660181,9,TRUE,FALSE
"Korea, Rep.",KOR,Asian Region,1997,46173816,46.17 mil.,15993.52796,74.647,Middle Income,11,119386.888163012,71.53518518518518,1.043500478914805,9,FALSE,FALSE
Bahrain,BAH,Asian Region,1997,598561,0.6 mil.,20292.01679,73.925,High Income,7,150008.734120075,77.45096666666667,0.9544748526917459,30,TRUE,FALSE
Oman,OMA,Asian Region,1997,2283635,2.28 mil.,19702.05581,72.499,Middle Income,4,142837.934416919,71.53518518518518,1.0134732972637137,24,FALSE,FALSE
Malaysia,MAL,Asian Region,1997,20476091,20.48 mil.,10132.90964,71.938,Middle Income,8,72894.12536823201,71.53518518518518,1.005631002614616,15,FALSE,FALSE
Syria,SYR,Asian Region,1997,15081016,15.08 mil.,4014.238972,71.527,Low Income,5,28712.6470950244,64.05578666666666,1.1166360405846238,59,FALSE,FALSE
West Bank and Gaza,WES,Asian Region,1997,2826046,2.83 mil.,7110.667619,71.096,Middle Income,18,50554.0025040424,71.53518518518518,0.9938605710735459,22,FALSE,FALSE
Vietnam,VIE,Asian Region,1997,76048996,76.05 mil.,1385.896769,70.672,Low Income,7,9794.4096458768,64.05578666666666,1.1032883003648486,25,FALSE,TRUE
Saudi Arabia,SAU,Asian Region,1997,21229759,21.23 mil.,20586.69019,70.533,High Income,12,145204.101917127,77.45096666666667,0.9106794018925521,10,TRUE,FALSE
Sri Lanka,SRI,Asian Region,1997,18698655,18.7 mil.,2664.477257,70.457,Low Income,9,18773.107409644897,64.05578666666666,1.0999318510698175,53,FALSE,FALSE
China,CHI,Asian Region,1997,1230075000,1230.08 mil.,2289.234136,70.426,Low Income,5,16122.160326193602,64.05578666666666,1.0994478979156503,3,FALSE,FALSE
Lebanon,LEB,Asian Region,1997,3430388,3.43 mil.,8754.96385,70.265,Middle Income,7,61516.753492025004,71.53518518518518,0.9822439100157913,20,FALSE,FALSE
Jordan,JOR,Asian Region,1997,4526235,4.53 mil.,3645.379572,69.772,Low Income,6,25434.5423497584,64.05578666666666,1.0892380475019277,68,FALSE,FALSE
Philippines,PHI,Asian Region,1997,75012988,75.01 mil.,2536.534925,68.564,Low Income,11,17391.498059769998,64.05578666666666,1.0703794858814732,26,FALSE,TRUE
Iran,IRA,Asian Region,1997,63327987,63.33 mil.,8263.590301,68.042,Middle Income,4,56227.1211260642,71.53518518518518,0.9511682932511843,4,FALSE,TRUE
"Korea, Dem. Rep.",KOR,Asian Region,1997,21585105,21.59 mil.,1690.756814,67.727,Low Income,16,11450.988674177801,64.05578666666666,1.0573127507189568,45,FALSE,FALSE
Thailand,THA,Asian Region,1997,60216677,60.22 mil.,5852.625497,67.521,Middle Income,8,39517.5126182937,71.53518518518518,0.9438851639959616,7,FALSE,TRUE
Indonesia,IND,Asian Region,1997,199278000,199.28 mil.,3119.335603,66.041,Low Income,9,20600.4042557723,64.05578666666666,1.0309919436890844,11,FALSE,FALSE
Mongolia,MON,Asian Region,1997,2494803,2.49 mil.,1902.2521,63.625,Low Income,8,12103.078986249999,64.05578666666666,0.993274820448176,74,FALSE,FALSE
Pakistan,PAK,Asian Region,1997,135564834,135.56 mil.,2049.350521,61.818,Low Income,8,12668.675050717799,64.05578666666666,0.9650650349778443,17,FALSE,FALSE
India,IND,Asian Region,1997,959000000,959 mil.,1458.817442,61.765,Low Income,5,9010.385930513,64.05578666666666,0.964237631198139,7,FALSE,TRUE
Myanmar,MYA,Asian Region,1997,43247867,43.25 mil.,415,60.328,Low Income,7,2503.612,64.05578666666666,0.941804060793675,32,FALSE,FALSE
Nepal,NEP,Asian Region,1997,23001113,23 mil.,1010.892138,59.426,Low Income,5,6007.327619278801,64.05578666666666,0.927722585146614,41,FALSE,FALSE
Bangladesh,BAN,Asian Region,1997,123315288,123.32 mil.,972.7700352,59.412,Low Income,10,5779.421333130241,64.05578666666666,0.9275040256576351,18,FALSE,FALSE
Iraq,IRA,Asian Region,1997,20775703,20.78 mil.,3076.239795,58.811,Low Income,4,18091.6738583745,64.05578666666666,0.9181215790236178,46,FALSE,FALSE
"Yemen, Rep.",YEM,Asian Region,1997,15826497,15.83 mil.,2117.484526,58.02,Low Income,11,12285.645219852002,64.05578666666666,0.9057729678963171,58,FALSE,FALSE
Cambodia,CAM,Asian Region,1997,11782962,11.78 mil.,734.28517,56.534,Low Income,8,4151.207780078,64.05578666666666,0.8825744392804272,64,FALSE,FALSE
Afghanistan,AFG,Asian Region,1997,22227415,22.23 mil.,635.341351,41.763,Low Income,11,2653.3760841812996,64.05578666666666,0.6519785670157513,42,FALSE,FALSE
Japan,JAP,Asian Region,2002,127065841,127.07 mil.,28604.5919,82,High Income,5,234557.65357999998,77.45096666666667,1.0587343648390013,2,TRUE,FALSE
"Hong Kong, China",HON,Asian Region,2002,6762476,6.76 mil.,30209.01516,81.495,High Income,16,246188.36904641998,77.45096666666667,1.0522141105189562,13,TRUE,TRUE
Israel,ISR,Asian Region,2002,6029529,6.03 mil.,21905.59514,79.696,High Income,6,174578.83102774402,77.45096666666667,1.028986511465964,16,TRUE,TRUE
Singapore,SIN,Asian Region,2002,4197776,4.2 mil.,36023.1054,78.77,High Income,9,283754.0012358,77.45096666666667,1.017030559980099,20,TRUE,FALSE
"Korea, Rep.",KOR,Asian Region,2002,47969150,47.97 mil.,19233.98818,77.045,Middle Income,11,148188.26193281,71.53518518518518,1.0770224442776153,8,FALSE,FALSE
Taiwan,TAI,Asian Region,2002,22454239,22.45 mil.,23235.42329,76.99,High Income,6,178889.52390971,77.45096666666667,0.9940482774262769,8,TRUE,FALSE
Kuwait,KUW,Asian Region,2002,2111561,2.11 mil.,35110.10566,76.904,High Income,6,270010.756567664,77.45096666666667,0.9929378974826653,25,TRUE,FALSE
Bahrain,BAH,Asian Region,2002,656397,0.66 mil.,23403.55927,74.795,High Income,7,175046.921559965,77.45096666666667,0.9657077660747939,29,TRUE,FALSE
Oman,OMA,Asian Region,2002,2713462,2.71 mil.,19774.83687,74.193,Middle Income,4,146715.44718959098,71.53518518518518,1.037153951694323,23,FALSE,FALSE
Syria,SYR,Asian Region,2002,17155814,17.16 mil.,4090.925331,73.053,Low Income,5,29885.4368205543,64.05578666666666,1.14045902488331,56,FALSE,FALSE
Malaysia,MAL,Asian Region,2002,22662365,22.66 mil.,10206.97794,73.044,Middle Income,8,74555.849664936,71.53518518518518,1.0210919257552615,13,FALSE,FALSE
Vietnam,VIE,Asian Region,2002,80908147,80.91 mil.,1764.456677,73.017,Low Income,7,12883.533318450898,64.05578666666666,1.1398970147687932,24,FALSE,TRUE
West Bank and Gaza,WES,Asian Region,2002,3389578,3.39 mil.,4515.487575,72.37,Low Income,18,32678.583580275,64.05578666666666,1.12979644409956,71,FALSE,FALSE
China,CHI,Asian Region,2002,1280400000,1280.4 mil.,3119.280896,72.028,Low Income,5,22467.556437708805,64.05578666666666,1.12445734801165,2,FALSE,FALSE
Saudi Arabia,SAU,Asian Region,2002,24501530,24.5 mil.,19014.54118,71.626,Middle Income,12,136193.552655868,71.53518518518518,1.0012695125423905,12,FALSE,FALSE
Jordan,JOR,Asian Region,2002,5307470,5.31 mil.,3844.917194,71.263,Low Income,6,27400.033399602202,64.05578666666666,1.112514633078167,67,FALSE,FALSE
Lebanon,LEB,Asian Region,2002,3677780,3.68 mil.,9313.93883,71.028,Middle Income,7,66155.044721724,71.53518518518518,0.9929099899039583,19,FALSE,FALSE
Sri Lanka,SRI,Asian Region,2002,19576783,19.58 mil.,3015.378833,70.815,Low Income,9,21353.405205889503,64.05578666666666,1.1055207294308462,50,FALSE,FALSE
Philippines,PHI,Asian Region,2002,82995088,83 mil.,2650.921068,70.303,Low Income,11,18636.7703843604,64.05578666666666,1.097527696691051,23,FALSE,TRUE
Iran,IRA,Asian Region,2002,66907826,66.91 mil.,9240.761975,69.451,Middle Income,4,64178.01599257249,71.53518518518518,0.9708648942504335,2,FALSE,TRUE
Indonesia,IND,Asian Region,2002,211060000,211.06 mil.,2873.91287,68.588,Low Income,9,19711.593592756,64.05578666666666,1.0707541592911511,10,FALSE,FALSE
Thailand,THA,Asian Region,2002,62806748,62.81 mil.,5913.187529,68.564,Middle Income,8,40543.178973835595,71.53518518518518,0.9584654016412539,5,FALSE,TRUE
"Korea, Dem. Rep.",KOR,Asian Region,2002,22215365,22.22 mil.,1646.758151,66.662,Low Income,16,10977.619186196202,64.05578666666666,1.0406866181645,43,FALSE,FALSE
Mongolia,MON,Asian Region,2002,2674234,2.67 mil.,2140.739323,65.033,Low Income,8,13921.8700392659,64.05578666666666,1.0152556604826128,73,FALSE,FALSE
Pakistan,PAK,Asian Region,2002,153403524,153.4 mil.,2092.712441,63.61,Low Income,8,13311.743837201,64.05578666666666,0.9930406495671273,14,FALSE,FALSE
India,IND,Asian Region,2002,1034172547,1034.17 mil.,1746.769454,62.879,Low Income,5,10983.5116498066,64.05578666666666,0.9816287219640214,6,FALSE,FALSE
Bangladesh,BAN,Asian Region,2002,135656790,135.66 mil.,1136.39043,62.013,Low Income,10,7047.097973558999,64.05578666666666,0.9681092564314773,16,FALSE,FALSE
Nepal,NEP,Asian Region,2002,25873917,25.87 mil.,1057.206311,61.34,Low Income,5,6484.903511674,64.05578666666666,0.9576027895684263,37,FALSE,FALSE
"Yemen, Rep.",YEM,Asian Region,2002,18701257,18.7 mil.,2234.820827,60.308,Low Income,11,13477.7574434716,64.05578666666666,0.9414918329522767,52,FALSE,FALSE
Myanmar,MYA,Asian Region,2002,45598081,45.6 mil.,611,59.908,Low Income,7,3660.3788,64.05578666666666,0.9352472761243117,31,FALSE,FALSE
Iraq,IRA,Asian Region,2002,24001816,24 mil.,4390.717312,57.046,Low Income,4,25047.2859780352,64.05578666666666,0.8905674720202225,39,FALSE,FALSE
Cambodia,CAM,Asian Region,2002,12926707,12.93 mil.,896.2260153,56.752,Low Income,8,5086.26188203056,64.05578666666666,0.8859777227516682,63,FALSE,FALSE
Afghanistan,AFG,Asian Region,2002,25268405,25.27 mil.,726.7340548,42.129,Low Income,11,3061.6578994669194,64.05578666666666,0.6576923365133392,38,FALSE,FALSE
Japan,JAP,Asian Region,2007,127467972,127.47 mil.,31656.06806,82.603,High Income,5,261488.618996018,77.45096666666667,1.0665199358389759,1,TRUE,FALSE
"Hong Kong, China",HON,Asian Region,2007,6980412,6.98 mil.,39724.97867,82.208,High Income,16,326571.10465033597,77.45096666666667,1.0614199349351783,12,TRUE,TRUE
Israel,ISR,Asian Region,2007,6426679,6.43 mil.,25523.2771,80.745,High Income,6,206087.70094395,77.45096666666667,1.0425305644990874,15,TRUE,TRUE
Singapore,SIN,Asian Region,2007,4553009,4.55 mil.,47143.17964,79.972,High Income,9,377013.436217008,77.45096666666667,1.0325500564012757,19,TRUE,FALSE
"Korea, Rep.",KOR,Asian Region,2007,49044790,49.04 mil.,23348.13973,78.623,High Income,11,183570.078999179,77.45096666666667,1.0151325849602049,5,TRUE,FALSE
Taiwan,TAI,Asian Region,2007,23174294,23.17 mil.,28718.27684,78.4,High Income,6,225151.29042560002,77.45096666666667,1.0122533439436305,7,TRUE,FALSE
Kuwait,KUW,Asian Region,2007,2505559,2.51 mil.,47306.98978,77.588,High Income,6,367045.472305064,77.45096666666667,1.0017692914527856,24,TRUE,FALSE
Oman,OMA,Asian Region,2007,3204897,3.2 mil.,22316.19287,75.64,High Income,4,168799.68286867999,77.45096666666667,0.9766178945905128,23,TRUE,FALSE
Bahrain,BAH,Asian Region,2007,708573,0.71 mil.,29796.04834,75.635,High Income,7,225362.41161959,77.45096666666667,0.9765533376170471,28,TRUE,FALSE
Vietnam,VIE,Asian Region,2007,85262356,85.26 mil.,2441.576404,74.249,Low Income,7,18128.460642059596,64.05578666666666,1.1591302497989253,22,FALSE,TRUE
Malaysia,MAL,Asian Region,2007,24821286,24.82 mil.,12451.6558,74.241,Middle Income,8,92442.33782478,71.53518518518518,1.037824950166973,11,FALSE,FALSE
Syria,SYR,Asian Region,2007,19314747,19.31 mil.,4184.548089,74.143,Low Income,5,31025.4948962727,64.05578666666666,1.1574754422395146,51,FALSE,FALSE
West Bank and Gaza,WES,Asian Region,2007,4018332,4.02 mil.,3025.349798,73.422,Low Income,18,22212.7232868756,64.05578666666666,1.1462196285571078,69,FALSE,FALSE
China,CHI,Asian Region,2007,1318683096,1318.68 mil.,4959.114854,72.961,Low Income,5,36182.1978862694,64.05578666666666,1.1390227768128782,1,FALSE,FALSE
Saudi Arabia,SAU,Asian Region,2007,27601038,27.6 mil.,21654.83194,72.777,High Income,12,157597.370409738,77.45096666666667,0.939652571584,6,TRUE,FALSE
Jordan,JOR,Asian Region,2007,6053193,6.05 mil.,4519.461171,72.535,Low Income,6,32781.9116038485,64.05578666666666,1.1323723237910954,66,FALSE,TRUE
Sri Lanka,SRI,Asian Region,2007,20378239,20.38 mil.,3970.095407,72.396,Low Income,9,28741.9027085172,64.05578666666666,1.1302023402933776,48,FALSE,FALSE
Lebanon,LEB,Asian Region,2007,3921278,3.92 mil.,10461.05868,71.993,Middle Income,7,75312.299754924,71.53518518518518,1.0063998550311941,18,FALSE,FALSE
Philippines,PHI,Asian Region,2007,91077287,91.08 mil.,3190.481016,71.688,Low Income,11,22871.9203075008,64.05578666666666,1.1191494747078798,21,FALSE,TRUE
Iran,IRA,Asian Region,2007,69453570,69.45 mil.,11605.71449,70.964,Middle Income,4,82358.792306836,71.53518518518518,0.992015325273758,1,FALSE,TRUE
Indonesia,IND,Asian Region,2007,223547000,223.55 mil.,3540.651564,70.65,Low Income,9,25014.70329966,64.05578666666666,1.1029448497393106,9,FALSE,FALSE
Thailand,THA,Asian Region,2007,65068149,65.07 mil.,7458.396327,70.616,Middle Income,8,52668.21150274321,71.53518518518518,0.987150586347045,3,FALSE,TRUE
"Korea, Dem. Rep.",KOR,Asian Region,2007,23301725,23.3 mil.,1593.06548,67.297,Low Income,16,10720.852760755999,64.05578666666666,1.0505998521288944,40,FALSE,FALSE
Mongolia,MON,Asian Region,2007,2874127,2.87 mil.,3095.772271,66.803,Low Income,8,20680.6875019613,64.05578666666666,1.0428878244463575,72,FALSE,FALSE
Pakistan,PAK,Asian Region,2007,169270617,169.27 mil.,2605.94758,65.483,Low Income,8,17064.526538114,64.05578666666666,1.0222807869140733,13,FALSE,FALSE
India,IND,Asian Region,2007,1110396331,1110.4 mil.,2452.210407,64.698,Low Income,5,15865.310891208599,64.05578666666666,1.010025844139192,5,FALSE,FALSE
Bangladesh,BAN,Asian Region,2007,150448339,150.45 mil.,1391.253792,64.062,Low Income,10,8912.6500423104,64.05578666666666,1.0000969987827277,15,FALSE,FALSE
Nepal,NEP,Asian Region,2007,28901790,28.9 mil.,1091.359778,63.785,Low Income,5,6961.238343973,64.05578666666666,0.995772643179362,35,FALSE,FALSE
"Yemen, Rep.",YEM,Asian Region,2007,22211743,22.21 mil.,2280.769906,62.698,Low Income,11,14299.9711566388,64.05578666666666,0.9788030599993672,44,FALSE,FALSE
Myanmar,MYA,Asian Region,2007,47761980,47.76 mil.,944,62.069,Low Income,7,5859.3136,64.05578666666666,0.9689834943873924,30,FALSE,FALSE
Cambodia,CAM,Asian Region,2007,14131858,14.13 mil.,1713.778686,59.723,Low Income,8,10235.200446397801,64.05578666666666,0.9323591685913779,60,FALSE,FALSE
Iraq,IRA,Asian Region,2007,27499638,27.5 mil.,4471.061906,59.545,Low Income,4,26622.938119277,64.05578666666666,0.9295803408029335,36,FALSE,FALSE
Afghanistan,AFG,Asian Region,2007,31889923,31.89 mil.,974.5803384,43.828,Low Income,11,4271.390707139521,64.05578666666666,0.6842160916401204,34,FALSE,FALSE
Iceland,ICE,European Region,1992,259012,0.26 mil.,25144.39201,78.77,High Income,7,198062.37586277,78.49965625,1.003443884507456,64,TRUE,FALSE
Sweden,SWE,European Region,1992,8718867,8.72 mil.,23880.01683,78.16,High Income,6,186646.21154328,78.49965625,0.9956731498426147,35,TRUE,TRUE
Switzerland,SWI,European Region,1992,6995447,7 mil.,31871.5303,78.03,High Income,11,248693.55093089998,78.49965625,0.9940170916353535,43,TRUE,TRUE
Spain,SPA,European Region,1992,39549438,39.55 mil.,18603.06452,77.57,Middle Income,5,144303.97148163998,73.31866666666667,1.0579843241375546,5,FALSE,FALSE
France,FRA,European Region,1992,57374179,57.37 mil.,24703.79615,77.46,High Income,6,191355.6049779,78.49965625,0.9867559133419771,15,TRUE,TRUE
Italy,ITA,European Region,1992,56840847,56.84 mil.,22013.64486,77.44,High Income,5,170473.66579584,78.49965625,0.9865011351562447,16,TRUE,TRUE
Netherlands,NET,European Region,1992,15174244,15.17 mil.,26790.94961,77.42,High Income,11,207415.53188062,78.49965625,0.9862463569705122,23,TRUE,FALSE
Norway,NOR,European Region,1992,4286357,4.29 mil.,33965.66115,77.32,High Income,6,262622.4920118,78.49965625,0.9849724660418496,55,TRUE,FALSE
Greece,GRE,European Region,1992,10325429,10.33 mil.,17541.49634,77.03,Middle Income,6,135122.14630702,73.31866666666667,1.0506192147520412,18,FALSE,FALSE
Belgium,BEL,European Region,1992,10045622,10.05 mil.,25575.57069,76.46,High Income,7,195550.81349573997,78.49965625,0.9740170040553521,31,TRUE,FALSE
United Kingdom,UNI,European Region,1992,57866349,57.87 mil.,22705.09254,76.42,High Income,14,173512.31719068,78.49965625,0.9735074476838872,13,TRUE,TRUE
Germany,GER,European Region,1992,80597764,80.6 mil.,26505.30317,76.07,High Income,7,201625.84121418998,78.49965625,0.9690488294335683,4,TRUE,TRUE
Austria,AUS,European Region,1992,7914969,7.91 mil.,27042.01868,76.04,High Income,7,205627.51004272004,78.49965625,0.9686666621549697,39,TRUE,TRUE
Finland,FIN,European Region,1992,5041039,5.04 mil.,20647.16499,75.7,High Income,7,156299.03897430003,78.49965625,0.9643354329975171,51,TRUE,FALSE
Ireland,IRE,European Region,1992,3557761,3.56 mil.,17558.81555,75.467,Middle Income,7,132511.11331118498,73.31866666666667,1.029301314808416,45,FALSE,FALSE
Montenegro,MON,European Region,1992,621621,0.62 mil.,7003.339037,75.435,Middle Income,10,52829.688025609496,73.31866666666667,1.0288648638818672,51,FALSE,FALSE
Denmark,DEN,European Region,1992,5171393,5.17 mil.,26406.73985,75.33,High Income,7,198921.97129005,78.49965625,0.9596220365614658,49,TRUE,FALSE
Portugal,POR,European Region,1992,9927680,9.93 mil.,16207.26663,74.86,Middle Income,8,121327.59799218,73.31866666666667,1.0210223862954408,28,FALSE,TRUE
Slovenia,SLO,European Region,1992,1999210,2 mil.,14214.71681,73.64,Middle Income,8,104677.17458884,73.31866666666667,1.0043826947207624,47,FALSE,FALSE
Croatia,CRO,European Region,1992,4494013,4.49 mil.,8447.794873,72.527,Middle Income,7,61269.321875407106,73.31866666666667,0.9892023859317317,39,FALSE,FALSE
Czech Republic,CZE,European Region,1992,10315702,10.32 mil.,14297.02122,72.4,Middle Income,14,103510.4336328,73.31866666666667,0.9874702213169907,19,FALSE,FALSE
Bosnia and Herzegovina,BOS,European Region,1992,4256013,4.26 mil.,2546.781445,72.178,Low Income,22,18382.159113720998,73.1208,0.9871062679839389,1,FALSE,FALSE
Serbia,SER,European Region,1992,9826397,9.83 mil.,9325.068238,71.659,Middle Income,6,66822.5064866842,73.31866666666667,0.9773636545490917,29,FALSE,TRUE
Albania,ALB,European Region,1992,3326498,3.33 mil.,2497.437901,71.581,Low Income,7,17876.9102391481,73.1208,0.9789416964803449,5,FALSE,FALSE
Slovak Republic,SLO,European Region,1992,5302888,5.3 mil.,9498.467723,71.38,Middle Income,15,67800.062606774,73.31866666666667,0.9735583480332429,37,FALSE,FALSE
Bulgaria,BUL,European Region,1992,8658506,8.66 mil.,6302.623438,71.19,Middle Income,8,44868.376255122,73.31866666666667,0.9709669206568585,30,FALSE,TRUE
Poland,POL,European Region,1992,38370697,38.37 mil.,7738.881247,70.99,Middle Income,6,54938.317972453,73.31866666666667,0.9682391023659276,9,FALSE,FALSE
Romania,ROM,European Region,1992,22797027,22.8 mil.,6598.409903,69.36,Middle Income,7,45766.571087207994,73.31866666666667,0.9460073832948407,10,FALSE,FALSE
Hungary,HUN,European Region,1992,10348684,10.35 mil.,10535.62855,69.17,Middle Income,7,72874.94268035,73.31866666666667,0.9434159559184564,16,FALSE,FALSE
Turkey,TUR,European Region,1992,58179144,58.18 mil.,5678.348271,66.146,Middle Income,6,37560.0024733566,73.31866666666667,0.9021713433595809,4,FALSE,TRUE
Sweden,SWE,European Region,1997,8897619,8.9 mil.,25266.59499,79.39,High Income,6,200591.49762561,78.49965625,1.0113420082651636,34,TRUE,TRUE
Switzerland,SWI,European Region,1997,7193761,7.19 mil.,32135.32301,79.37,High Income,11,255058.05873037002,78.49965625,1.0110872300794311,42,TRUE,TRUE
Iceland,ICE,European Region,1997,271192,0.27 mil.,28061.09966,78.95,High Income,7,221542.3818157,78.49965625,1.0057368881790485,63,TRUE,FALSE
Italy,ITA,European Region,1997,57479469,57.48 mil.,24675.02446,78.82,High Income,5,194488.54279372,78.49965625,1.0040808299717872,14,TRUE,TRUE
Spain,SPA,European Region,1997,39855442,39.86 mil.,20445.29896,78.77,High Income,5,161047.61990792,78.49965625,1.003443884507456,19,TRUE,FALSE
France,FRA,European Region,1997,58623428,58.62 mil.,25889.78487,78.64,High Income,6,203597.26821768,78.49965625,1.0017878263001947,10,TRUE,TRUE
Norway,NOR,European Region,1997,4405672,4.41 mil.,41283.16433,78.32,High Income,6,323329.7430325599,78.49965625,0.9977113753284746,54,TRUE,FALSE
Netherlands,NET,European Region,1997,15604464,15.6 mil.,30246.13063,78.03,High Income,11,236010.55730589,78.49965625,0.9940170916353535,22,TRUE,FALSE
Greece,GRE,European Region,1997,10502372,10.5 mil.,18747.69814,77.869,Middle Income,6,145986.450646366,73.31866666666667,1.0620624124824964,14,FALSE,FALSE
Belgium,BEL,European Region,1997,10199787,10.2 mil.,27561.19663,77.53,High Income,7,213681.95747239,78.49965625,0.987647636992041,30,TRUE,FALSE
Austria,AUS,European Region,1997,8069876,8.07 mil.,29095.92066,77.51,High Income,7,225522.48103566002,78.49965625,0.9873928588063086,38,TRUE,TRUE
Germany,GER,European Region,1997,82011073,82.01 mil.,27788.88416,77.34,High Income,7,214919.23009344,78.49965625,0.9852272442275822,3,TRUE,TRUE
United Kingdom,UNI,European Region,1997,58808266,58.81 mil.,26074.53136,77.218,High Income,14,201342.316255648,78.49965625,0.9836730972946139,9,TRUE,TRUE
Finland,FIN,European Region,1997,5134406,5.13 mil.,23723.9502,77.13,High Income,7,182982.82789259998,78.49965625,0.9825520732773909,50,TRUE,FALSE
Ireland,IRE,European Region,1997,3667233,3.67 mil.,24521.94713,76.122,High Income,7,186665.965942986,78.49965625,0.9697112527164728,58,TRUE,FALSE
Denmark,DEN,European Region,1997,5283663,5.28 mil.,29804.34567,76.11,High Income,7,226840.87489436998,78.49965625,0.9695583858050334,46,TRUE,FALSE
Portugal,POR,European Region,1997,10156415,10.16 mil.,17641.03156,75.97,Middle Income,8,134018.91676132,73.31866666666667,1.0361617778101073,23,FALSE,FALSE
Montenegro,MON,European Region,1997,692651,0.69 mil.,6465.613349,75.445,Middle Income,10,48779.819911530496,73.31866666666667,1.0290012547964136,49,FALSE,FALSE
Slovenia,SLO,European Region,1997,2011612,2.01 mil.,17161.10735,75.13,Middle Income,8,128931.39952054998,73.31866666666667,1.0247049409881974,46,FALSE,FALSE
Czech Republic,CZE,European Region,1997,10300707,10.3 mil.,16048.51424,74.01,Middle Income,14,118775.05389024001,73.31866666666667,1.0094291585589845,20,FALSE,FALSE
Croatia,CRO,European Region,1997,4444595,4.44 mil.,9875.604515,73.68,Middle Income,7,72763.45406652,73.31866666666667,1.0049282583789485,42,FALSE,FALSE
Bosnia and Herzegovina,BOS,European Region,1997,3607000,3.61 mil.,4766.355904,73.244,Low Income,22,34910.6971832576,73.1208,1.001684883097559,2,FALSE,FALSE
Albania,ALB,European Region,1997,3428038,3.43 mil.,3193.054604,72.95,Low Income,7,23293.33333618,73.1208,0.9976641393420204,4,FALSE,FALSE
Poland,POL,European Region,1997,38654957,38.65 mil.,10159.58368,72.75,Middle Income,6,73910.971272,73.31866666666667,0.9922439033261197,6,FALSE,FALSE
Slovak Republic,SLO,European Region,1997,5383010,5.38 mil.,12126.23065,72.71,Middle Income,15,88169.82305614998,73.31866666666667,0.9916983396679334,36,FALSE,FALSE
Serbia,SER,European Region,1997,10336594,10.34 mil.,7914.320304,72.232,Middle Income,6,57166.718419852805,73.31866666666667,0.9851788539526086,17,FALSE,FALSE
Hungary,HUN,European Region,1997,10244684,10.24 mil.,11712.7768,71.04,Middle Income,7,83207.56638720002,73.31866666666667,0.9689210569386605,22,FALSE,FALSE
Bulgaria,BUL,European Region,1997,8066057,8.07 mil.,5970.38876,70.32,Middle Income,8,41983.77376031999,73.31866666666667,0.959100911091309,31,FALSE,TRUE
Romania,ROM,European Region,1997,22562458,22.56 mil.,7346.547557,69.72,Middle Income,7,51220.129567403994,73.31866666666667,0.9509174562185163,11,FALSE,FALSE
Turkey,TUR,European Region,1997,63047647,63.05 mil.,6601.429915,68.835,Middle Income,6,45440.9428199025,73.31866666666667,0.9388468602811469,3,FALSE,TRUE
Switzerland,SWI,European Region,2002,7361757,7.36 mil.,34480.95771,80.62,High Income,11,277985.4810580201,78.49965625,1.0270108666877125,41,TRUE,TRUE
Iceland,ICE,European Region,2002,288030,0.29 mil.,31163.20196,80.5,High Income,7,250863.775778,78.49965625,1.0254821975733175,62,TRUE,FALSE
Italy,ITA,European Region,2002,57926999,57.93 mil.,27968.09817,80.24,High Income,5,224416.01971608,78.49965625,1.0221700811587948,12,TRUE,TRUE
Sweden,SWE,European Region,2002,8954175,8.95 mil.,29341.63093,80.04,High Income,6,234850.41396372003,78.49965625,1.0196222993014699,33,TRUE,TRUE
Spain,SPA,European Region,2002,40152517,40.15 mil.,24835.47166,79.78,High Income,5,198137.39290347998,78.49965625,1.0163101828869474,18,TRUE,FALSE
France,FRA,European Region,2002,59925035,59.93 mil.,28926.03234,79.59,High Income,6,230222.29139406004,78.49965625,1.0138897901224886,7,TRUE,TRUE
Norway,NOR,European Region,2002,4535591,4.54 mil.,44683.97525,79.05,High Income,6,353226.82435125,78.49965625,1.007010779107711,53,TRUE,FALSE
Austria,AUS,European Region,2002,8148312,8.15 mil.,32417.60769,78.98,High Income,7,256034.26553562,78.49965625,1.0061190554576473,37,TRUE,TRUE
Germany,GER,European Region,2002,82350671,82.35 mil.,30035.80198,78.67,High Income,7,236291.65417666,78.49965625,1.0021699935787935,2,TRUE,TRUE
Netherlands,NET,European Region,2002,16122830,16.12 mil.,33724.75778,78.53,High Income,11,264840.52284633997,78.49965625,1.000386546278666,21,TRUE,FALSE
United Kingdom,UNI,European Region,2002,59912431,59.91 mil.,29478.99919,78.471,High Income,14,231324.654543849,78.49965625,0.9996349506307551,8,TRUE,TRUE
Finland,FIN,European Region,2002,5193039,5.19 mil.,28204.59057,78.37,High Income,7,221039.37629709003,78.49965625,0.9983483207928061,48,TRUE,FALSE
Belgium,BEL,European Region,2002,10311970,10.31 mil.,30485.88375,78.32,High Income,7,238765.44152999998,78.49965625,0.9977113753284746,28,TRUE,FALSE
Greece,GRE,European Region,2002,10603863,10.6 mil.,22514.2548,78.256,High Income,6,176187.55236287997,78.49965625,0.9968960851341307,26,TRUE,FALSE
Ireland,IRE,European Region,2002,3879155,3.88 mil.,34077.04939,77.783,High Income,7,265061.513270237,78.49965625,0.9908705810415571,57,TRUE,FALSE
Portugal,POR,European Region,2002,10433867,10.43 mil.,19970.90787,77.29,Middle Income,8,154355.14692723,73.31866666666667,1.0541653785302516,15,FALSE,FALSE
Denmark,DEN,European Region,2002,5374693,5.37 mil.,32166.50006,77.18,High Income,7,248261.04746308,78.49965625,0.9831890187417223,45,TRUE,FALSE
Slovenia,SLO,European Region,2002,2011497,2.01 mil.,20660.01936,76.66,High Income,8,158379.70841375997,78.49965625,0.9765647859126771,59,TRUE,FALSE
Albania,ALB,European Region,2002,3508512,3.51 mil.,4604.211737,75.651,Low Income,7,34831.32221157869,73.1208,1.0346030130961368,3,FALSE,FALSE
Czech Republic,CZE,European Region,2002,10256295,10.26 mil.,17596.21022,75.51,Middle Income,14,132868.98337122,73.31866666666667,1.0298877957409664,21,FALSE,FALSE
Croatia,CRO,European Region,2002,4481020,4.48 mil.,11628.38895,74.876,Middle Income,7,87068.72510202,73.31866666666667,1.0212406117587154,41,FALSE,FALSE
Poland,POL,European Region,2002,38625976,38.63 mil.,12002.23908,74.67,Middle Income,6,89620.71921036,73.31866666666667,1.0184309589190566,7,FALSE,FALSE
Bosnia and Herzegovina,BOS,European Region,2002,4165416,4.17 mil.,6018.975239,74.09,Middle Income,22,44594.587545751005,73.31866666666667,1.0105202858753568,43,FALSE,FALSE
Montenegro,MON,European Region,2002,720230,0.72 mil.,6557.194282,73.981,Middle Income,10,48510.7790176642,73.31866666666667,1.0090336249067995,48,FALSE,FALSE
Slovak Republic,SLO,European Region,2002,5410052,5.41 mil.,13638.77837,73.8,Middle Income,15,100654.18437059999,73.31866666666667,1.006564949353507,35,FALSE,FALSE
Serbia,SER,European Region,2002,10111559,10.11 mil.,7236.075251,73.213,Middle Income,6,52977.4777351463,73.31866666666667,0.9985588026696247,25,FALSE,FALSE
Hungary,HUN,European Region,2002,10083313,10.08 mil.,14843.93556,72.59,Middle Income,7,107752.12823004,73.31866666666667,0.990061648693375,26,FALSE,FALSE
Bulgaria,BUL,European Region,2002,7661799,7.66 mil.,7696.777725,72.14,Middle Income,8,55524.55450815,73.31866666666667,0.9839240575387804,32,FALSE,TRUE
Romania,ROM,European Region,2002,22404337,22.4 mil.,7885.360081,71.322,Middle Income,7,56239.9651697082,73.31866666666667,0.972767280728873,12,FALSE,FALSE
Turkey,TUR,European Region,2002,67308928,67.31 mil.,6508.085718,70.845,Middle Income,6,46106.53326917101,73.31866666666667,0.9662614341050028,2,FALSE,TRUE
Iceland,ICE,European Region,2007,301931,0.3 mil.,36180.78919,81.757,High Income,7,295803.27818068303,78.49965625,1.041495006546605,61,TRUE,FALSE
Switzerland,SWI,European Region,2007,7554661,7.55 mil.,37506.41907,81.701,High Income,11,306431.194443807,78.49965625,1.040781627626554,40,TRUE,TRUE
Spain,SPA,European Region,2007,40448191,40.45 mil.,28821.0637,80.941,High Income,5,233280.57169417,78.49965625,1.0311000565687192,17,TRUE,FALSE
Sweden,SWE,European Region,2007,9031088,9.03 mil.,33859.74835,80.884,High Income,6,273871.18855414004,78.49965625,1.0303739387393813,32,TRUE,TRUE
France,FRA,European Region,2007,61083916,61.08 mil.,30470.0167,80.657,High Income,6,245762.01369718998,78.49965625,1.0274822063313174,5,TRUE,TRUE
Italy,ITA,European Region,2007,58147733,58.15 mil.,28569.7197,80.546,High Income,5,230117.66429562002,78.49965625,1.0260681874005022,11,TRUE,TRUE
Norway,NOR,European Region,2007,4627926,4.63 mil.,49357.19017,80.196,High Income,6,395824.922287332,78.49965625,1.0216095691501834,52,TRUE,FALSE
Austria,AUS,European Region,2007,8199783,8.2 mil.,36126.4927,79.829,High Income,7,288394.17857483,78.49965625,1.016934389441992,36,TRUE,TRUE
Netherlands,NET,European Region,2007,16570613,16.57 mil.,36797.93332,79.762,High Income,11,293507.67574698396,78.49965625,1.016080882519788,20,TRUE,FALSE
Greece,GRE,European Region,2007,10706290,10.71 mil.,27538.41188,79.483,High Income,6,218883.559145804,78.49965625,1.0125267268288198,24,TRUE,FALSE
Belgium,BEL,European Region,2007,10392226,10.39 mil.,33692.60508,79.441,High Income,7,267657.424016028,78.49965625,1.0119916926387815,27,TRUE,FALSE
United Kingdom,UNI,European Region,2007,60776238,60.78 mil.,33203.26128,79.425,High Income,14,263716.9027164,78.49965625,1.0117878700901954,6,TRUE,TRUE
Germany,GER,European Region,2007,82400996,82.4 mil.,32170.37442,79.406,High Income,7,255452.07511945203,78.49965625,1.0115458308137497,1,TRUE,TRUE
Finland,FIN,European Region,2007,5238460,5.24 mil.,33207.0844,79.313,High Income,7,263375.34850172,78.49965625,1.0103611122500935,47,TRUE,FALSE
Ireland,IRE,European Region,2007,4109086,4.11 mil.,40675.99635,78.885,High Income,7,320872.59720697504,78.49965625,1.004908859075418,56,TRUE,FALSE
Denmark,DEN,European Region,2007,5468120,5.47 mil.,35278.41874,78.332,High Income,7,276342.909674168,78.49965625,0.9978642422399142,44,TRUE,FALSE
Portugal,POR,European Region,2007,10642836,10.64 mil.,20509.64777,78.098,High Income,8,160176.247154146,78.49965625,0.994883337466844,25,TRUE,FALSE
Slovenia,SLO,European Region,2007,2009245,2.01 mil.,25768.25759,77.926,High Income,8,200801.724095834,78.49965625,0.9926922450695445,60,TRUE,FALSE
Czech Republic,CZE,European Region,2007,10228744,10.23 mil.,22833.30851,76.486,High Income,14,174642.843469586,78.49965625,0.9743482156968044,29,TRUE,FALSE
Albania,ALB,European Region,2007,3600523,3.6 mil.,5937.029526,76.423,Middle Income,7,45372.5607465498,73.31866666666667,1.0423402862390658,44,FALSE,FALSE
Croatia,CRO,European Region,2007,4493312,4.49 mil.,14619.22272,75.748,Middle Income,7,110737.688259456,73.31866666666667,1.0331338995071742,40,FALSE,FALSE
Poland,POL,European Region,2007,38518241,38.52 mil.,15389.92468,75.563,Middle Income,6,116290.887859484,73.31866666666667,1.030610667588063,8,FALSE,FALSE
Bosnia and Herzegovina,BOS,European Region,2007,4552198,4.55 mil.,7446.298803,74.852,Middle Income,22,55737.035800215606,73.31866666666667,1.0209132735638036,38,FALSE,FALSE
Slovak Republic,SLO,European Region,2007,5447502,5.45 mil.,18678.31435,74.663,Middle Income,15,139457.898431405,73.31866666666667,1.0183354852788737,34,FALSE,FALSE
Montenegro,MON,European Region,2007,684736,0.68 mil.,9253.896111,74.543,Middle Income,10,68981.31778022731,73.31866666666667,1.0166987943043153,50,FALSE,FALSE
Serbia,SER,European Region,2007,10150265,10.15 mil.,9786.534714,74.002,Middle Income,6,72422.31419054279,73.31866666666667,1.0093200458273472,24,FALSE,FALSE
Hungary,HUN,European Region,2007,9956108,9.96 mil.,18008.94444,73.338,Middle Income,7,132073.996734072,73.31866666666667,1.0002636891014565,27,FALSE,TRUE
Bulgaria,BUL,European Region,2007,7322858,7.32 mil.,10680.79282,73.005,Middle Income,8,77975.12798241,73.31866666666667,0.9957218716470565,33,FALSE,TRUE
Romania,ROM,European Region,2007,22276056,22.28 mil.,10808.47561,72.476,Middle Income,7,78335.507831036,73.31866666666667,0.9885067922675443,13,FALSE,FALSE
Turkey,TUR,European Region,2007,71158647,71.16 mil.,8458.276384,71.777,Middle Income,6,60710.9704014368,73.31866666666667,0.9789730673407409,1,FALSE,TRUE
Reunion,REU,African Region,1992,622191,0.62 mil.,6101.255823,73.615,Middle Income,7,44914.3947410145,64.87159375,1.134780197996908,30,FALSE,FALSE
Tunisia,TUN,African Region,1992,8523077,8.52 mil.,4332.720164,70.001,Low Income,7,30329.474420016406,51.833994318181816,1.350484386179086,92,FALSE,TRUE
Mauritius,MAU,African Region,1992,1096202,1.1 mil.,6058.253846,69.745,Middle Income,9,42253.291448927004,64.87159375,1.0751238865624448,25,FALSE,FALSE
Libya,LIB,African Region,1992,4364501,4.36 mil.,9640.138501,68.755,Middle Income,5,66280.77226362549,64.87159375,1.0598629696838608,14,FALSE,FALSE
Algeria,ALG,African Region,1992,26298373,26.3 mil.,5023.216647,67.744,Middle Income,7,34029.2788534368,64.87159375,1.0442783363866406,8,FALSE,FALSE
Morocco,MOR,African Region,1992,25798239,25.8 mil.,2948.047252,65.393,Low Income,7,19278.165395003598,51.833994318181816,1.261585198288724,32,FALSE,FALSE
Egypt,EGY,African Region,1992,59402198,59.4 mil.,3794.755195,63.674,Low Income,5,24162.724228643,51.833994318181816,1.2284216340561867,11,FALSE,TRUE
Botswana,BOT,African Region,1992,1342614,1.34 mil.,7954.111645,62.745,Middle Income,8,49908.0735165525,64.87159375,0.96721841368357,19,FALSE,FALSE
Sao Tome and Principe,SAO,African Region,1992,125911,0.13 mil.,1428.777814,62.742,Low Income,21,8964.4377605988,51.833994318181816,1.2104411559498893,176,FALSE,FALSE
Namibia,NAM,African Region,1992,1554253,1.55 mil.,3804.537999,61.999,Low Income,7,23587.755140000103,51.833994318181816,1.196106933596908,151,FALSE,FALSE
South Africa,SOU,African Region,1992,39964159,39.96 mil.,7225.069258,61.888,Middle Income,12,44714.5086239104,64.87159375,0.954007700789685,5,FALSE,FALSE
Gabon,GAB,African Region,1992,985739,0.99 mil.,13522.15752,61.366,Middle Income,5,82980.071837232,64.87159375,0.9459610355264317,26,FALSE,FALSE
Zimbabwe,ZIM,African Region,1992,10704340,10.7 mil.,693.4207856,60.377,Low Income,8,4186.66667721712,51.833994318181816,1.1648147281372363,72,FALSE,FALSE
Lesotho,LES,African Region,1992,1803195,1.8 mil.,977.4862725,59.685,Low Income,7,5834.126817416251,51.833994318181816,1.1514644160668954,148,FALSE,FALSE
Kenya,KEN,African Region,1992,25020539,25.02 mil.,1341.921721,59.285,Low Income,5,7955.582922948499,51.833994318181816,1.1437474726736347,33,FALSE,FALSE
Swaziland,SWA,African Region,1992,962344,0.96 mil.,3553.0224,58.474,Low Income,9,20775.943181759998,51.833994318181816,1.128101369943799,162,FALSE,FALSE
Mauritania,MAU,African Region,1992,2119465,2.12 mil.,1361.369784,58.333,Low Income,10,7941.278361007199,51.833994318181816,1.1253811473976747,141,FALSE,FALSE
Senegal,SEN,African Region,1992,8307920,8.31 mil.,1367.899369,58.196,Low Income,7,7960.627167832399,51.833994318181816,1.1227380942854828,97,FALSE,TRUE
Togo,TOG,African Region,1992,3747553,3.75 mil.,1034.298904,58.061,Low Income,4,6005.2428665144,51.833994318181816,1.1201336258902574,128,FALSE,FALSE
Comoros,COM,African Region,1992,454429,0.45 mil.,1246.90737,57.939,Low Income,7,7224.456611043,51.833994318181816,1.117779958155313,167,FALSE,FALSE
Ghana,GHA,African Region,1992,16278738,16.28 mil.,925.060154,57.501,Low Income,5,5319.188391515399,51.833994318181816,1.1093299051396925,47,FALSE,FALSE
"Congo, Rep.",CON,African Region,1992,2409073,2.41 mil.,4016.239529,56.433,Low Income,11,22664.8445340057,51.833994318181816,1.088725666279687,139,FALSE,FALSE
Cameroon,CAM,African Region,1992,12467171,12.47 mil.,1793.163278,54.314,Low Income,8,9739.3870281292,51.833994318181816,1.0478451586538888,58,FALSE,FALSE
Benin,BEN,African Region,1992,4981671,4.98 mil.,1191.207681,53.919,Low Income,5,6422.8726951839,51.833994318181816,1.0402246770530441,117,FALSE,FALSE
Sudan,SUD,African Region,1992,28227588,28.23 mil.,1492.197043,53.556,Low Income,5,7991.610483490799,51.833994318181816,1.03322155092366,30,FALSE,FALSE
Gambia,GAM,African Region,1992,1025384,1.03 mil.,665.6244126,52.644,Low Income,6,3504.1131576914404,51.833994318181816,1.0156269199870258,161,FALSE,FALSE
Madagascar,MAD,African Region,1992,12210395,12.21 mil.,1040.67619,52.214,Low Income,10,5433.786658466,51.833994318181816,1.0073312058392707,63,FALSE,FALSE
Cote d'Ivoire,COT,African Region,1992,12772596,12.77 mil.,1648.073791,52.044,Low Income,13,8577.235237880399,51.833994318181816,1.004051504897135,57,FALSE,FALSE
Chad,CHA,African Region,1992,6429417,6.43 mil.,1058.0643,51.724,Low Income,4,5472.731785319999,51.833994318181816,0.9978779501825266,109,FALSE,TRUE
Djibouti,DJI,African Region,1992,384156,0.38 mil.,2377.156192,51.604,Low Income,8,12267.0768131968,51.833994318181816,0.9955628671645484,172,FALSE,FALSE
Tanzania,TAN,African Region,1992,26605473,26.61 mil.,825.682454,50.44,Low Income,8,4164.7422979759995,51.833994318181816,0.9731065618901601,31,FALSE,FALSE
Burkina Faso,BUR,African Region,1992,8878303,8.88 mil.,931.7527731,50.26,Low Income,12,4682.9894376006,51.833994318181816,0.9696339373631928,87,FALSE,TRUE
Eritrea,ERI,African Region,1992,3668440,3.67 mil.,582.8585102,49.991,Low Income,7,2913.76797834082,51.833994318181816,0.9644442929312251,130,FALSE,FALSE
Malawi,MAL,African Region,1992,10014249,10.01 mil.,563.2000145,49.42,Low Income,6,2783.334471659,51.833994318181816,0.9534283562373457,78,FALSE,FALSE
Central African Republic,CEN,African Region,1992,3265124,3.27 mil.,747.9055252,49.396,Low Income,24,3694.3541322779206,51.833994318181816,0.95296533963375,133,FALSE,FALSE
Uganda,UGA,African Region,1992,18252190,18.25 mil.,644.1707969,48.825,Low Income,6,3145.16391586425,51.833994318181816,0.9419494029398705,42,FALSE,FALSE
Guinea,GUI,African Region,1992,6990574,6.99 mil.,794.3484384,48.576,Low Income,6,3858.6269743718394,51.833994318181816,0.9371456056775658,107,FALSE,TRUE
Mali,MAL,African Region,1992,8416215,8.42 mil.,739.014375,48.388,Low Income,4,3575.94275775,51.833994318181816,0.9335186422827333,93,FALSE,TRUE
Ethiopia,ETH,African Region,1992,52088559,52.09 mil.,421.3534653,48.091,Low Income,8,2026.33094997423,51.833994318181816,0.9277888118132374,13,FALSE,TRUE
Equatorial Guinea,EQU,African Region,1992,387838,0.39 mil.,1132.055034,47.545,Low Income,17,5382.3556591530005,51.833994318181816,0.9172551840814366,171,FALSE,FALSE
Nigeria,NIG,African Region,1992,93364244,93.36 mil.,1619.848217,47.472,Low Income,7,7689.7434557424,51.833994318181816,0.9158468419121666,4,FALSE,TRUE
Niger,NIG,African Region,1992,8392818,8.39 mil.,581.182725,47.391,Low Income,5,2754.2830520475,51.833994318181816,0.9142841608750313,94,FALSE,TRUE
Zambia,ZAM,African Region,1992,8381163,8.38 mil.,1210.884633,46.1,Low Income,6,5582.17815813,51.833994318181816,0.8893777260732828,96,FALSE,TRUE
"Congo, Dem. Rep.",CON,African Region,1992,41672143,41.67 mil.,457.7191807,45.548,Low Income,16,2084.81932425236,51.833994318181816,0.8787283441905831,16,FALSE,FALSE
Burundi,BUR,African Region,1992,5809236,5.81 mil.,631.6998778,44.736,Low Income,7,2825.9725733260793,51.833994318181816,0.8630629491022641,114,FALSE,FALSE
Mozambique,MOZ,African Region,1992,13160731,13.16 mil.,410.8968239,44.284,Low Income,10,1819.61549495876,51.833994318181816,0.8543428030678797,55,FALSE,FALSE
Guinea-Bissau,GUI,African Region,1992,1050938,1.05 mil.,745.5398706,43.266,Low Income,13,3225.6528041379597,51.833994318181816,0.8347031821320314,160,FALSE,FALSE
Liberia,LIB,African Region,1992,1912974,1.91 mil.,636.6229191,40.802,Low Income,7,2597.5488345118197,51.833994318181816,0.7871668108295462,147,FALSE,FALSE
Angola,ANG,African Region,1992,8735988,8.74 mil.,2627.845685,40.647,Low Income,6,10681.404355819499,51.833994318181816,0.7841764952646577,91,FALSE,TRUE
Somalia,SOM,African Region,1992,6099799,6.1 mil.,926.9602964,39.658,Low Income,7,3676.13914346312,51.833994318181816,0.765096352724821,112,FALSE,TRUE
Sierra Leone,SIE,African Region,1992,4260884,4.26 mil.,1068.696278,38.333,Low Income,12,4096.6334424574,51.833994318181816,0.7395339777346452,124,FALSE,FALSE
Rwanda,RWA,African Region,1992,7290203,7.29 mil.,737.0685949,23.599,Low Income,6,1739.40817710451,51.833994318181816,0.45528036784389153,103,FALSE,TRUE
Reunion,REU,African Region,1997,684810,0.68 mil.,6071.941411,74.772,Middle Income,7,45401.1203183292,64.87159375,1.152615431157031,29,FALSE,FALSE
Tunisia,TUN,African Region,1997,9231669,9.23 mil.,4876.798614,71.973,Low Income,7,35099.7826645422,51.833994318181816,1.3885289171078607,85,FALSE,TRUE
Libya,LIB,African Region,1997,4759670,4.76 mil.,9467.446056,71.555,Middle Income,5,67744.31025370801,64.87159375,1.103025158835411,13,FALSE,FALSE
Mauritius,MAU,African Region,1997,1149818,1.15 mil.,7425.705295,70.736,Middle Income,9,52526.46897471201,64.87159375,1.0904002185085826,23,FALSE,FALSE
Algeria,ALG,African Region,1997,29072015,29.07 mil.,4797.295051,69.152,Low Income,7,33174.254736675204,51.833994318181816,1.3341051738268903,27,FALSE,FALSE
Morocco,MOR,African Region,1997,28529501,28.53 mil.,2982.101858,67.66,Low Income,7,20176.901171228,51.833994318181816,1.3053209749700283,28,FALSE,FALSE
Egypt,EGY,African Region,1997,66134291,66.13 mil.,4173.181797,67.217,Low Income,5,28050.876084894902,51.833994318181816,1.2967744601619924,8,FALSE,TRUE
Sao Tome and Principe,SAO,African Region,1997,145608,0.15 mil.,1339.076036,63.306,Low Income,21,8477.1547535016,51.833994318181816,1.2213220461343868,175,FALSE,FALSE
Comoros,COM,African Region,1997,527982,0.53 mil.,1173.618235,60.66,Low Income,7,7119.168213509999,51.833994318181816,1.170274465587968,165,FALSE,FALSE
Gabon,GAB,African Region,1997,1126189,1.13 mil.,14722.84188,60.461,Middle Income,5,89015.774290668,64.87159375,0.9320103993899487,24,FALSE,FALSE
Mauritania,MAU,African Region,1997,2444741,2.44 mil.,1483.136136,60.43,Low Income,10,8962.591669848001,51.833994318181816,1.1658372231368432,138,FALSE,FALSE
South Africa,SOU,African Region,1997,42835005,42.84 mil.,7479.188244,60.236,Middle Income,12,45051.6383065584,64.87159375,0.9285420091902705,4,FALSE,FALSE
Senegal,SEN,African Region,1997,9535314,9.54 mil.,1392.368347,60.187,Low Income,7,8380.2473700889,51.833994318181816,1.1611491800254374,82,FALSE,TRUE
Namibia,NAM,African Region,1997,1774766,1.77 mil.,3899.52426,58.909,Low Income,7,22971.707463234,51.833994318181816,1.1364935458839698,149,FALSE,FALSE
Ghana,GHA,African Region,1997,18418288,18.42 mil.,1005.245812,58.556,Low Income,5,5886.3173767472,51.833994318181816,1.1296833433394173,41,FALSE,FALSE
Togo,TOG,African Region,1997,4320890,4.32 mil.,982.2869243,58.39,Low Income,4,5735.573350987701,51.833994318181816,1.1264808118312142,123,FALSE,FALSE
Gambia,GAM,African Region,1997,1235767,1.24 mil.,653.7301704,55.861,Low Income,6,3651.80210487144,51.833994318181816,1.0776904372273242,155,FALSE,FALSE
Lesotho,LES,African Region,1997,1982823,1.98 mil.,1186.147994,55.558,Low Income,7,6590.001025065199,51.833994318181816,1.0718448526069293,145,FALSE,FALSE
Sudan,SUD,African Region,1997,32160729,32.16 mil.,1632.210764,55.373,Low Income,5,9038.0406634972,51.833994318181816,1.0682757662875462,22,FALSE,FALSE
Madagascar,MAD,African Region,1997,14165114,14.17 mil.,986.2958956,54.978,Low Income,10,5422.45757482968,51.833994318181816,1.0606552846867014,53,FALSE,FALSE
Benin,BEN,African Region,1997,6066080,6.07 mil.,1232.975292,54.777,Low Income,5,6753.868756988401,51.833994318181816,1.0567775206315881,113,FALSE,TRUE
Kenya,KEN,African Region,1997,28263827,28.26 mil.,1360.485021,54.407,Low Income,5,7401.990853754699,51.833994318181816,1.0496393479928219,29,FALSE,FALSE
Swaziland,SWA,African Region,1997,1054486,1.05 mil.,3876.76846,54.289,Low Income,9,21046.588292494,51.833994318181816,1.0473628496918101,159,FALSE,FALSE
Eritrea,ERI,African Region,1997,4058319,4.06 mil.,913.47079,53.378,Low Income,7,4875.924382861999,51.833994318181816,1.0297875111136592,125,FALSE,FALSE
Djibouti,DJI,African Region,1997,417908,0.42 mil.,1895.016984,53.157,Low Income,8,10073.3417818488,51.833994318181816,1.0255238998888825,170,FALSE,FALSE
"Congo, Rep.",CON,African Region,1997,2800947,2.8 mil.,3484.164376,52.962,Low Income,11,18452.831368171202,51.833994318181816,1.021761889984668,137,FALSE,FALSE
Botswana,BOT,African Region,1997,1536536,1.54 mil.,8647.142313,52.556,Middle Income,8,45445.921140202794,64.87159375,0.8101542903745909,17,FALSE,FALSE
Cameroon,CAM,African Region,1997,14195809,14.2 mil.,1694.337469,52.199,Low Income,8,8844.2721544331,51.833994318181816,1.0070418204620235,52,FALSE,FALSE
Chad,CHA,African Region,1997,7562011,7.56 mil.,1004.961353,51.573,Low Income,4,5182.8871858269,51.833994318181816,0.9949648040515707,102,FALSE,TRUE
Guinea,GUI,African Region,1997,8048834,8.05 mil.,869.4497668,51.455,Low Income,6,4473.7537750694,51.833994318181816,0.9926883057505588,99,FALSE,TRUE
Niger,NIG,African Region,1997,9666252,9.67 mil.,580.3052092,51.313,Low Income,5,2977.7201199679603,51.833994318181816,0.9899487908459513,81,FALSE,TRUE
Burkina Faso,BUR,African Region,1997,10352843,10.35 mil.,946.2949618,50.324,Low Income,12,4762.13476576232,51.833994318181816,0.9708686483061145,76,FALSE,FALSE
Mali,MAL,African Region,1997,9384984,9.38 mil.,790.2579846,49.903,Low Income,4,3943.6244205493795,51.833994318181816,0.9627465653847077,84,FALSE,TRUE
Ethiopia,ETH,African Region,1997,59861301,59.86 mil.,515.8894013,49.402,Low Income,8,2548.5968203022603,51.833994318181816,0.9530810937846489,10,FALSE,TRUE
Tanzania,TAN,African Region,1997,30686889,30.69 mil.,789.1862231,48.466,Low Income,8,3824.8699488764605,51.833994318181816,0.9350234462444191,25,FALSE,FALSE
Equatorial Guinea,EQU,African Region,1997,439971,0.44 mil.,2814.480755,48.245,Low Income,17,13578.462402497498,51.833994318181816,0.9307598350196425,169,FALSE,FALSE
Cote d'Ivoire,COT,African Region,1997,14625967,14.63 mil.,1786.265407,47.991,Low Income,13,8572.466314733701,51.833994318181816,0.9258595759649222,50,FALSE,FALSE
Malawi,MAL,African Region,1997,10419991,10.42 mil.,692.2758103,47.495,Low Income,6,3287.9639610198496,51.833994318181816,0.916290566157279,75,FALSE,FALSE
Nigeria,NIG,African Region,1997,106207839,106.21 mil.,1624.941275,47.464,Low Income,7,7712.621267659999,51.833994318181816,0.9156925030443013,3,FALSE,FALSE
Zimbabwe,ZIM,African Region,1997,11404948,11.4 mil.,792.4499603,46.809,Low Income,8,3709.3790191682697,51.833994318181816,0.903056008237837,68,FALSE,FALSE
Mozambique,MOZ,African Region,1997,16603334,16.6 mil.,472.3460771,46.344,Low Income,10,2189.04065971224,51.833994318181816,0.8940850615431717,45,FALSE,FALSE
Central African Republic,CEN,African Region,1997,3696513,3.7 mil.,740.5063317,46.066,Low Income,24,3411.21646760922,51.833994318181816,0.8887217858848556,129,FALSE,FALSE
Burundi,BUR,African Region,1997,6121610,6.12 mil.,463.1151478,45.326,Low Income,7,2099.11571891828,51.833994318181816,0.8744454406073235,111,FALSE,TRUE
Guinea-Bissau,GUI,African Region,1997,1193708,1.19 mil.,796.6644681,44.873,Low Income,13,3574.8724677051296,51.833994318181816,0.8657060022144558,156,FALSE,FALSE
Uganda,UGA,African Region,1997,21210254,21.21 mil.,816.559081,44.578,Low Income,6,3640.0570712818003,51.833994318181816,0.8600147564619263,36,FALSE,FALSE
Somalia,SOM,African Region,1997,6633514,6.63 mil.,930.5964284,43.795,Low Income,7,4075.5470581778004,51.833994318181816,0.8449088397696186,108,FALSE,TRUE
"Congo, Dem. Rep.",CON,African Region,1997,47798986,47.8 mil.,312.188423,42.587,Low Income,16,1329.5168370301,51.833994318181816,0.8216036707219717,14,FALSE,FALSE
Liberia,LIB,African Region,1997,2200725,2.2 mil.,609.17395079999994,42.221,Low Income,7,2571.9933376726794,51.833994318181816,0.8145426675171381,140,FALSE,FALSE
Angola,ANG,African Region,1997,9875024,9.88 mil.,2277.140884,40.963,Low Income,6,9327.8522031292,51.833994318181816,0.7902728805453336,80,FALSE,TRUE
Zambia,ZAM,African Region,1997,9417789,9.42 mil.,1071.353818,40.238,Low Income,6,4310.9134928684,51.833994318181816,0.7762859206450488,83,FALSE,TRUE
Sierra Leone,SIE,African Region,1997,4578212,4.58 mil.,574.6481576,39.897,Low Income,12,2292.67375437672,51.833994318181816,0.7697072264022942,120,FALSE,FALSE
Rwanda,RWA,African Region,1997,7212583,7.21 mil.,589.9445051,36.087,Low Income,6,2128.93273555437,51.833994318181816,0.6962033405814871,104,FALSE,TRUE
Reunion,REU,African Region,2002,743981,0.74 mil.,6316.1652,75.744,Middle Income,7,47841.16169088,64.87159375,1.1675988768196404,28,FALSE,FALSE
Tunisia,TUN,African Region,2002,9770575,9.77 mil.,5722.895655,73.042,Middle Income,7,41801.174443251,64.87159375,1.1259473642883946,10,FALSE,TRUE
Libya,LIB,African Region,2002,5368585,5.37 mil.,9534.677467,72.737,Middle Income,5,69352.38349171789,64.87159375,1.1212457686843864,12,FALSE,FALSE
Mauritius,MAU,African Region,2002,1200206,1.2 mil.,9021.815894,71.954,Middle Income,9,64915.57408368759,64.87159375,1.1091757707895067,22,FALSE,FALSE
Algeria,ALG,African Region,2002,31287142,31.29 mil.,5288.040382,70.994,Middle Income,7,37541.913887970804,64.87159375,1.0943773059375468,7,FALSE,FALSE
Egypt,EGY,African Region,2002,73312559,73.31 mil.,4754.604414,69.806,Low Income,5,33189.9915723684,51.833994318181816,1.3467223762748715,6,FALSE,TRUE
Morocco,MOR,African Region,2002,31167783,31.17 mil.,3258.495584,69.615,Low Income,7,22684.017008015995,51.833994318181816,1.3430375358045894,24,FALSE,FALSE
Sao Tome and Principe,SAO,African Region,2002,170372,0.17 mil.,1353.09239,64.337,Low Income,21,8705.390509543,51.833994318181816,1.241212467730516,174,FALSE,FALSE
Comoros,COM,African Region,2002,614382,0.61 mil.,1075.811558,62.974,Low Income,7,6774.8157053492005,51.833994318181816,1.2149169831179805,164,FALSE,FALSE
Mauritania,MAU,African Region,2002,2828858,2.83 mil.,1579.019543,62.247,Low Income,10,9828.922949312102,51.833994318181816,1.2008914385007294,135,FALSE,FALSE
Senegal,SEN,African Region,2002,10870037,10.87 mil.,1519.635262,61.6,Low Income,7,9360.95321392,51.833994318181816,1.1884092825621306,70,FALSE,FALSE
Ghana,GHA,African Region,2002,20550751,20.55 mil.,1111.984578,58.453,Low Income,5,6499.8834537834,51.833994318181816,1.1276962304156528,37,FALSE,FALSE
Gambia,GAM,African Region,2002,1457766,1.46 mil.,660.5855997,58.041,Low Income,6,3834.10487921877,51.833994318181816,1.1197477787205943,153,FALSE,FALSE
Togo,TOG,African Region,2002,4977378,4.98 mil.,886.2205765,57.561,Low Income,4,5101.17426039165,51.833994318181816,1.1104874466486818,118,FALSE,FALSE
Madagascar,MAD,African Region,2002,16473477,16.47 mil.,894.6370822,57.286,Low Income,10,5125.01798909092,51.833994318181816,1.105182048065815,46,FALSE,FALSE
Gabon,GAB,African Region,2002,1299304,1.3 mil.,12521.71392,56.761,Middle Income,5,71074.500381312,64.87159375,0.8749746494396864,20,FALSE,FALSE
Sudan,SUD,African Region,2002,37090298,37.09 mil.,1993.398314,56.369,Low Income,5,11236.5869561866,51.833994318181816,1.087490955336765,18,FALSE,FALSE
Eritrea,ERI,African Region,2002,4414865,4.41 mil.,765.3500015,55.24,Low Income,7,4227.793408286,51.833994318181816,1.0657098826092872,121,FALSE,FALSE
Niger,NIG,African Region,2002,11140655,11.14 mil.,601.0745012,54.496,Low Income,5,3275.61560173952,51.833994318181816,1.0513563678978226,69,FALSE,FALSE
Benin,BEN,African Region,2002,7026113,7.03 mil.,1372.877931,54.406,Low Income,5,7469.2796713986,51.833994318181816,1.049620055634339,105,FALSE,TRUE
Guinea,GUI,African Region,2002,8807818,8.81 mil.,945.5835837,53.676,Low Income,6,5075.51444386812,51.833994318181816,1.0355366339416383,90,FALSE,TRUE
Djibouti,DJI,African Region,2002,447416,0.45 mil.,1908.260867,53.373,Low Income,8,10184.9607254391,51.833994318181816,1.0296910493212432,168,FALSE,FALSE
South Africa,SOU,African Region,2002,44433622,44.43 mil.,7710.946444,53.365,Middle Income,12,41149.465698406,64.87159375,0.8226250800258781,2,FALSE,FALSE
"Congo, Rep.",CON,African Region,2002,3328795,3.33 mil.,3484.06197,52.97,Low Income,11,18455.07625509,51.833994318181816,1.0219162288525332,131,FALSE,FALSE
Mali,MAL,African Region,2002,10580176,10.58 mil.,951.4097518,51.818,Low Income,4,4930.01505187724,51.833994318181816,0.9996914318799428,74,FALSE,FALSE
Namibia,NAM,African Region,2002,1972153,1.97 mil.,4072.324751,51.479,Low Income,7,20963.9205856729,51.833994318181816,0.9931513223541545,146,FALSE,FALSE
Kenya,KEN,African Region,2002,31386842,31.39 mil.,1287.514732,50.992,Low Income,5,6565.2951214144005,51.833994318181816,0.9837559437728597,23,FALSE,FALSE
Ethiopia,ETH,African Region,2002,67946797,67.95 mil.,530.0535319,50.725,Low Income,8,2688.69654056275,51.833994318181816,0.9786048840578583,7,FALSE,TRUE
Burkina Faso,BUR,African Region,2002,12251209,12.25 mil.,1037.645221,50.65,Low Income,12,5255.673044364999,51.833994318181816,0.9771579571716219,62,FALSE,FALSE
Chad,CHA,African Region,2002,8835739,8.84 mil.,1156.18186,50.525,Low Income,4,5841.60884765,51.833994318181816,0.9747464123612279,89,FALSE,TRUE
Cameroon,CAM,African Region,2002,15929988,15.93 mil.,1934.011449,49.856,Low Income,8,9642.2074801344,51.833994318181816,0.9618398245359997,49,FALSE,FALSE
Tanzania,TAN,African Region,2002,34593779,34.59 mil.,899.0742111,49.651,Low Income,8,4463.99336553261,51.833994318181816,0.9578848910469536,20,FALSE,FALSE
Equatorial Guinea,EQU,African Region,2002,495627,0.5 mil.,7703.4959,49.348,Middle Income,17,38015.21156732,64.87159375,0.7607027536609581,32,FALSE,FALSE
Uganda,UGA,African Region,2002,24739869,24.74 mil.,927.7210018,47.813,Low Income,6,4435.712425906339,51.833994318181816,0.9224255361549213,34,FALSE,FALSE
Burundi,BUR,African Region,2002,7021078,7.02 mil.,446.4035126,47.36,Low Income,7,2114.1670356736,51.833994318181816,0.9136860977620536,106,FALSE,TRUE
Cote d'Ivoire,COT,African Region,2002,16252726,16.25 mil.,1648.800823,46.832,Low Income,13,7721.6640142736005,51.833994318181816,0.9034997324829496,48,FALSE,FALSE
Botswana,BOT,African Region,2002,1630347,1.63 mil.,11003.60508,46.634,Middle Income,8,51314.211930072,64.87159375,0.718866260319063,16,FALSE,FALSE
Nigeria,NIG,African Region,2002,119901274,119.9 mil.,1615.286395,46.608,Low Income,7,7528.526829816001,51.833994318181816,0.8991782441827236,2,FALSE,FALSE
Somalia,SOM,African Region,2002,7753310,7.75 mil.,882.0818218,45.936,Low Income,7,4051.93105662048,51.833994318181816,0.8862137792820459,101,FALSE,TRUE
Guinea-Bissau,GUI,African Region,2002,1332459,1.33 mil.,575.7047176,45.504,Low Income,13,2619.6867469670397,51.833994318181816,0.8778794804173244,154,FALSE,FALSE
Malawi,MAL,African Region,2002,11824495,11.82 mil.,665.4231186,45.009,Low Income,6,2995.0029145067397,51.833994318181816,0.8683297629681644,66,FALSE,FALSE
"Congo, Dem. Rep.",CON,African Region,2002,55379852,55.38 mil.,241.1658765,44.966,Low Income,16,1084.4264802699,51.833994318181816,0.867500191553389,12,FALSE,TRUE
Lesotho,LES,African Region,2002,2046772,2.05 mil.,1275.184575,44.593,Low Income,7,5686.430575297501,51.833994318181816,0.8603041418391735,143,FALSE,FALSE
Mozambique,MOZ,African Region,2002,18473780,18.47 mil.,633.6179466,44.026,Low Income,10,2789.5663717011603,51.833994318181816,0.8493653745792267,40,FALSE,FALSE
Swaziland,SWA,African Region,2002,1130269,1.13 mil.,4128.116943,43.869,Low Income,9,18109.636217246698,51.833994318181816,0.8463364742973718,158,FALSE,FALSE
Liberia,LIB,African Region,2002,2814651,2.81 mil.,531.4823679,43.753,Low Income,7,2325.3948042728703,51.833994318181816,0.8440985607133262,136,FALSE,FALSE
Rwanda,RWA,African Region,2002,7852401,7.85 mil.,785.6537648,43.413,Low Income,6,3410.7586891262395,51.833994318181816,0.8375391588290546,100,FALSE,TRUE
Central African Republic,CEN,African Region,2002,4048013,4.05 mil.,738.6906068,43.308,Low Income,24,3199.12127992944,51.833994318181816,0.8355134611883238,126,FALSE,FALSE
Sierra Leone,SIE,African Region,2002,5359092,5.36 mil.,699.489713,41.012,Low Income,12,2868.7472109556006,51.833994318181816,0.791218206111008,116,FALSE,FALSE
Angola,ANG,African Region,2002,10866106,10.87 mil.,2773.287312,41.003,Low Income,6,11371.309965393599,51.833994318181816,0.7910445748846597,71,FALSE,FALSE
Zimbabwe,ZIM,African Region,2002,11926563,11.93 mil.,672.0386227,39.989,Low Income,8,2687.41524831503,51.833994318181816,0.771482123382744,65,FALSE,FALSE
Zambia,ZAM,African Region,2002,10595811,10.6 mil.,1071.613938,39.193,Low Income,6,4199.9765072034,51.833994318181816,0.7561254060301554,73,FALSE,FALSE
Reunion,REU,African Region,2007,798094,0.8 mil.,7670.122558,76.442,Middle Income,7,58631.950857863594,64.87159375,1.1783585939724195,27,FALSE,FALSE
Libya,LIB,African Region,2007,6036914,6.04 mil.,12057.49928,73.952,Middle Income,5,89167.618675456,64.87159375,1.1399750757626483,11,FALSE,TRUE
Tunisia,TUN,African Region,2007,10276158,10.28 mil.,7092.923025,73.923,Middle Income,7,52433.0148777075,64.87159375,1.139528038803579,9,FALSE,FALSE
Mauritius,MAU,African Region,2007,1250882,1.25 mil.,10956.99112,72.801,Middle Income,9,79767.99105271201,64.87159375,1.1222323330078505,21,FALSE,FALSE
Algeria,ALG,African Region,2007,33333216,33.33 mil.,6223.367465,72.301,Middle Income,7,44995.5691086965,64.87159375,1.114524799230788,6,FALSE,FALSE
Egypt,EGY,African Region,2007,80264543,80.26 mil.,5581.180998,71.338,Middle Income,5,39815.02900353239,64.87159375,1.0996800891761658,1,FALSE,TRUE
Morocco,MOR,African Region,2007,33757175,33.76 mil.,3820.17523,71.164,Low Income,7,27185.895006772,51.833994318181816,1.3729213990949911,21,FALSE,FALSE
Sao Tome and Principe,SAO,African Region,2007,199579,0.2 mil.,1598.435089,65.528,Low Income,21,10474.225451199201,51.833994318181816,1.2641896666839496,173,FALSE,FALSE
Comoros,COM,African Region,2007,710960,0.71 mil.,986.1478792,65.152,Low Income,7,6424.9506625638405,51.833994318181816,1.2569357398942846,163,FALSE,FALSE
Mauritania,MAU,African Region,2007,3270065,3.27 mil.,1803.151496,64.164,Low Income,10,11569.7412589344,51.833994318181816,1.2378748897129308,132,FALSE,FALSE
Senegal,SEN,African Region,2007,12267493,12.27 mil.,1712.472136,63.062,Low Income,7,10799.1917840432,51.833994318181816,1.216614710664498,61,FALSE,FALSE
Ghana,GHA,African Region,2007,22873338,22.87 mil.,1327.60891,60.022,Low Income,5,7968.574199602,51.833994318181816,1.1579659408757175,35,FALSE,FALSE
Gambia,GAM,African Region,2007,1688359,1.69 mil.,752.7497265,59.448,Low Income,6,4474.9465740972,51.833994318181816,1.1468921271063885,150,FALSE,FALSE
Madagascar,MAD,African Region,2007,19167654,19.17 mil.,1044.770126,59.443,Low Income,10,6210.427059981799,51.833994318181816,1.1467956653139728,39,FALSE,FALSE
Sudan,SUD,African Region,2007,42292929,42.29 mil.,2602.394995,58.556,Low Income,5,15238.584132722,51.833994318181816,1.1296833433394173,15,FALSE,FALSE
Togo,TOG,African Region,2007,5701579,5.7 mil.,882.9699438,58.42,Low Income,4,5158.3104116796,51.833994318181816,1.1270595825857088,115,FALSE,FALSE
Eritrea,ERI,African Region,2007,4906585,4.91 mil.,641.3695236,58.04,Low Income,7,3722.5087149744,51.833994318181816,1.1197284863621113,119,FALSE,FALSE
Niger,NIG,African Region,2007,12894865,12.89 mil.,619.6768924,56.867,Low Income,5,3523.9165840110804,51.833994318181816,1.0970985498613746,56,FALSE,FALSE
Gabon,GAB,African Region,2007,1454867,1.45 mil.,13206.48452,56.735,Middle Income,5,74926.98992421999,64.87159375,0.8745738576832791,18,FALSE,FALSE
Benin,BEN,African Region,2007,8078314,8.08 mil.,1441.284873,56.728,Low Income,5,8176.120827554401,51.833994318181816,1.0944169120322165,98,FALSE,TRUE
Guinea,GUI,African Region,2007,9947814,9.95 mil.,942.6542111,56.007,Low Income,6,5279.52344010777,51.833994318181816,1.0805071215658644,79,FALSE,TRUE
"Congo, Rep.",CON,African Region,2007,3800610,3.8 mil.,3632.557798,55.322,Low Income,11,20096.0362500956,51.833994318181816,1.0672918560049056,127,FALSE,FALSE
Djibouti,DJI,African Region,2007,496374,0.5 mil.,2082.481567,54.791,Low Income,8,11410.124753749698,51.833994318181816,1.0570476136503522,166,FALSE,FALSE
Mali,MAL,African Region,2007,12031795,12.03 mil.,1042.581557,54.467,Low Income,4,5678.628966511899,51.833994318181816,1.050796889501811,64,FALSE,FALSE
Kenya,KEN,African Region,2007,35610177,35.61 mil.,1463.249282,54.11,Low Income,5,7917.641864902,51.833994318181816,1.043909517523326,19,FALSE,FALSE
Ethiopia,ETH,African Region,2007,76511887,76.51 mil.,690.8055759,52.947,Low Income,8,3657.6082827177306,51.833994318181816,1.021472504607421,5,FALSE,TRUE
Namibia,NAM,African Region,2007,2055080,2.06 mil.,4811.060429,52.906,Low Income,7,25453.396305667397,51.833994318181816,1.0206815179096116,142,FALSE,FALSE
Tanzania,TAN,African Region,2007,38139640,38.14 mil.,1107.482182,52.517,Low Income,8,5816.1641752094,51.833994318181816,1.0131767904596658,17,FALSE,FALSE
Burkina Faso,BUR,African Region,2007,14326203,14.33 mil.,1217.032994,52.295,Low Income,12,6364.474042122999,51.833994318181816,1.0088938868764061,51,FALSE,FALSE
Equatorial Guinea,EQU,African Region,2007,551201,0.55 mil.,12154.08975,51.579,Middle Income,17,62689.57952152499,64.87159375,0.7950937693742108,31,FALSE,FALSE
Uganda,UGA,African Region,2007,29170398,29.17 mil.,1056.380121,51.542,Low Income,6,5444.7944196582,51.833994318181816,0.994366740938593,26,FALSE,FALSE
Botswana,BOT,African Region,2007,1639131,1.64 mil.,12569.85177,50.728,Middle Income,8,63764.344058856,64.87159375,0.7819755468856505,15,FALSE,FALSE
Chad,CHA,African Region,2007,10238807,10.24 mil.,1704.063724,50.651,Low Income,4,8631.2531684324,51.833994318181816,0.9771772495301051,77,FALSE,FALSE
Cameroon,CAM,African Region,2007,17696293,17.7 mil.,2042.09524,50.43,Low Income,8,10298.28629532,51.833994318181816,0.9729136383053286,44,FALSE,FALSE
Burundi,BUR,African Region,2007,8390505,8.39 mil.,430.0706916,49.58,Low Income,7,2132.2904889528,51.833994318181816,0.9565151335946498,95,FALSE,TRUE
South Africa,SOU,African Region,2007,43997828,44 mil.,9269.657808,49.339,Middle Income,12,45735.5646588912,64.87159375,0.7605640180529709,3,FALSE,FALSE
Cote d'Ivoire,COT,African Region,2007,18013409,18.01 mil.,1544.750112,48.328,Low Income,13,7465.4683412736,51.833994318181816,0.9323611007737442,43,FALSE,FALSE
Malawi,MAL,African Region,2007,13327079,13.33 mil.,759.3499101,48.303,Low Income,6,3667.8878707560293,51.833994318181816,0.9318787918116653,54,FALSE,FALSE
Somalia,SOM,African Region,2007,9118773,9.12 mil.,926.1410683,48.159,Low Income,7,4460.20277082597,51.833994318181816,0.9291006921900916,86,FALSE,TRUE
Nigeria,NIG,African Region,2007,135031164,135.03 mil.,2013.977305,46.859,Low Income,7,9437.2962534995,51.833994318181816,0.9040206261619947,1,FALSE,FALSE
"Congo, Dem. Rep.",CON,African Region,2007,64606759,64.61 mil.,277.5518587,46.462,Low Income,16,1289.5614458919401,51.833994318181816,0.8963615598441836,9,FALSE,TRUE
Guinea-Bissau,GUI,African Region,2007,1472041,1.47 mil.,579.231743,46.388,Low Income,13,2686.9402094284,51.833994318181816,0.8949339253164303,152,FALSE,FALSE
Rwanda,RWA,African Region,2007,8860588,8.86 mil.,863.0884639,46.242,Low Income,6,3991.09367476638,51.833994318181816,0.8921172409778901,88,FALSE,TRUE
Liberia,LIB,African Region,2007,3193942,3.19 mil.,414.5073415,45.678,Low Income,7,1893.3866345037,51.833994318181816,0.8812363507933928,134,FALSE,FALSE
Central African Republic,CEN,African Region,2007,4369038,4.37 mil.,706.016537,44.741,Low Income,24,3158.7885881917,51.833994318181816,0.8631594108946798,122,FALSE,FALSE
Zimbabwe,ZIM,African Region,2007,12311143,12.31 mil.,469.7092981,43.487,Low Income,8,2042.62482464747,51.833994318181816,0.838966793356808,60,FALSE,FALSE
Angola,ANG,African Region,2007,12420476,12.42 mil.,4797.231267,42.731,Low Income,6,20499.048927017702,51.833994318181816,0.8243817703435454,59,FALSE,FALSE
Lesotho,LES,African Region,2007,2012649,2.01 mil.,1569.331442,42.592,Low Income,7,6684.096477766399,51.833994318181816,0.8217001325143873,144,FALSE,FALSE
Sierra Leone,SIE,African Region,2007,6144562,6.14 mil.,862.5407561,42.568,Low Income,12,3671.66349056648,51.833994318181816,0.8212371159107917,110,FALSE,TRUE
Zambia,ZAM,African Region,2007,11746035,11.75 mil.,1271.211593,42.384,Low Income,6,5387.903215771201,51.833994318181816,0.8176873219498919,67,FALSE,FALSE
Mozambique,MOZ,African Region,2007,19951656,19.95 mil.,823.6856205,42.082,Low Income,10,3466.2338281881,51.833994318181816,0.8118610296879801,38,FALSE,FALSE
Swaziland,SWA,African Region,2007,1133066,1.13 mil.,4513.480643,39.613,Low Income,9,17879.2508711159,51.833994318181816,0.7642281965930792,157,FALSE,FALSE
Canada,CAN,Americas Region,1992,28523502,28.52 mil.,26342.88426,77.95,High Income,6,205342.78280669998,78.17937500000001,0.9970660420347438,8,TRUE,FALSE
United States,UNI,Americas Region,1992,256894189,256.89 mil.,32003.93224,76.09,High Income,13,243517.92041415998,78.17937500000001,0.973274600877789,4,TRUE,FALSE
Costa Rica,COS,Americas Region,1992,3173216,3.17 mil.,6160.416317,75.713,Middle Income,10,46642.360060902094,73.26384375,1.0334292623023889,52,FALSE,FALSE
Cuba,CUB,Americas Region,1992,10723260,10.72 mil.,5592.843963,74.414,Middle Income,4,41618.5890662682,73.26384375,1.0156988248381384,36,FALSE,FALSE
Chile,CHI,Americas Region,1992,13572994,13.57 mil.,7596.125964,74.126,Middle Income,5,56307.0433207464,73.26384375,1.0117678271555333,28,FALSE,FALSE
Puerto Rico,PUE,Americas Region,1992,3585176,3.59 mil.,14641.58711,73.911,Middle Income,11,108217.434488721,73.26384375,1.0088332281910883,46,FALSE,FALSE
Uruguay,URU,Americas Region,1992,3149262,3.15 mil.,8137.004775,72.752,Middle Income,7,59198.33713908,73.26384375,0.9930136923781041,53,FALSE,FALSE
Panama,PAN,Americas Region,1992,2484997,2.48 mil.,6618.74305,72.462,Middle Income,6,47960.73588891,73.26384375,0.989055396100481,59,FALSE,FALSE
Argentina,ARG,Americas Region,1992,33958947,33.96 mil.,9308.41871,71.868,Middle Income,9,66897.743585028,73.26384375,0.9809477133801077,16,FALSE,FALSE
Jamaica,JAM,Americas Region,1992,2378618,2.38 mil.,7404.923685,71.766,Middle Income,7,53142.175317771005,73.26384375,0.9795554850341851,60,FALSE,FALSE
Mexico,MEX,Americas Region,1992,88111030,88.11 mil.,9472.384295,71.455,Middle Income,6,67684.9219799225,73.26384375,0.9753105535088717,8,FALSE,TRUE
Venezuela,VEN,Americas Region,1992,20265563,20.27 mil.,10733.92631,71.15,Middle Income,9,76371.88569565001,73.26384375,0.9711475177686129,23,FALSE,FALSE
Trinidad and Tobago,TRI,Americas Region,1992,1183669,1.18 mil.,7370.990932,69.862,Middle Income,19,51495.21684913839,73.26384375,0.9535672225769616,61,FALSE,FALSE
Ecuador,ECU,Americas Region,1992,10748394,10.75 mil.,7103.702595,69.613,Middle Income,7,49451.0048745735,73.26384375,0.9501685474972092,35,FALSE,FALSE
Dominican Republic,DOM,Americas Region,1992,7351181,7.35 mil.,3044.214214,68.457,Low Income,18,20839.777244779798,66.22871428571429,1.0336453113776716,13,FALSE,TRUE
Colombia,COL,Americas Region,1992,34202721,34.2 mil.,5444.648617,68.421,Middle Income,8,37252.8303023757,73.26384375,0.9338985848664267,15,FALSE,FALSE
Paraguay,PAR,Americas Region,1992,4483945,4.48 mil.,4196.411078,68.225,Low Income,8,28630.014579655,66.22871428571429,1.0301422990890872,27,FALSE,FALSE
Brazil,BRA,Americas Region,1992,155975974,155.98 mil.,6950.283021,67.057,Middle Income,6,46606.5128539197,73.26384375,0.9152809430640881,4,FALSE,FALSE
El Salvador,ELS,Americas Region,1992,5274649,5.27 mil.,4444.2317,66.798,Low Income,11,29686.578909660002,66.22871428571429,1.0085957536761136,22,FALSE,FALSE
Peru,PER,Americas Region,1992,22430449,22.43 mil.,4446.380924,66.458,Low Income,4,29549.758344719197,66.22871428571429,1.0034620287704297,1,FALSE,FALSE
Honduras,HON,Americas Region,1992,5077347,5.08 mil.,3081.694603,66.399,Low Income,8,20462.1439944597,66.22871428571429,1.0025711765073846,25,FALSE,FALSE
Nicaragua,NIC,Americas Region,1992,4017939,4.02 mil.,2170.151724,65.843,Low Income,9,14288.9299963332,66.22871428571429,0.9941760263675014,28,FALSE,FALSE
Guatemala,GUA,Americas Region,1992,8486949,8.49 mil.,4439.45084,63.373,Low Income,9,28134.131808332004,66.22871428571429,0.956881024846797,7,FALSE,TRUE
Bolivia,BOL,Americas Region,1992,6893451,6.89 mil.,2961.699694,59.957,Low Income,7,17757.4628553158,66.22871428571429,0.9053021887355721,15,FALSE,TRUE
Haiti,HAI,Americas Region,1992,6326682,6.33 mil.,1456.309517,55.089,Low Income,5,8022.663498201299,66.22871428571429,0.8317993274388967,18,FALSE,TRUE
Canada,CAN,Americas Region,1997,30305843,30.31 mil.,28954.92589,78.61,High Income,6,227614.67242129,78.17937500000001,1.0055081663162437,7,TRUE,FALSE
Costa Rica,COS,Americas Region,1997,3518107,3.52 mil.,6677.045314,77.26,Middle Income,10,51586.85209596401,73.26384375,1.0545447255488831,47,FALSE,FALSE
United States,UNI,Americas Region,1997,272911760,272.91 mil.,35767.43303,76.81,High Income,13,274729.65310343,78.17937500000001,0.9824841910030618,3,TRUE,FALSE
Cuba,CUB,Americas Region,1997,10983007,10.98 mil.,5431.990415,76.151,Middle Income,4,41365.1502092665,73.26384375,1.039407654611351,34,FALSE,FALSE
Chile,CHI,Americas Region,1997,14599929,14.6 mil.,10118.05318,75.816,Middle Income,5,76711.03198948801,73.26384375,1.0348351399458207,26,FALSE,FALSE
Puerto Rico,PUE,Americas Region,1997,3759430,3.76 mil.,16999.4333,74.917,Middle Income,11,127354.65445361,73.26384375,1.0225644214851886,45,FALSE,FALSE
Uruguay,URU,Americas Region,1997,3262838,3.26 mil.,9230.240708,74.223,Middle Income,7,68509.61560698839,73.26384375,1.0130918090139107,50,FALSE,FALSE
Panama,PAN,Americas Region,1997,2734531,2.73 mil.,7113.692252,73.738,Middle Income,6,52454.9439277976,73.26384375,1.0064718997220234,56,FALSE,FALSE
Mexico,MEX,Americas Region,1997,95895146,95.9 mil.,9767.29753,73.67,Middle Income,6,71955.68090351,73.26384375,1.0055437474914084,7,FALSE,TRUE
Argentina,ARG,Americas Region,1997,36203463,36.2 mil.,10967.28195,73.275,Middle Income,9,80362.75848862501,73.26384375,1.0001522749753353,14,FALSE,FALSE
Ecuador,ECU,Americas Region,1997,11911819,11.91 mil.,7429.455877,72.312,Middle Income,7,53723.881337762396,73.26384375,0.987008001474124,31,FALSE,FALSE
Jamaica,JAM,Americas Region,1997,2531311,2.53 mil.,7121.924704,72.262,Middle Income,7,51464.4522960448,73.26384375,0.9863255365986717,58,FALSE,FALSE
Venezuela,VEN,Americas Region,1997,22374398,22.37 mil.,10165.49518,72.146,Middle Income,9,73339.981525628,73.26384375,0.9847422180876224,22,FALSE,FALSE
Colombia,COL,Americas Region,1997,37657830,37.66 mil.,6117.361746,70.313,Middle Income,8,43013.0056446498,73.26384375,0.9597230557535414,13,FALSE,FALSE
Dominican Republic,DOM,Americas Region,1997,7992357,7.99 mil.,3614.101285,69.957,Low Income,18,25283.168359474497,66.22871428571429,1.0562940977262774,9,FALSE,TRUE
El Salvador,ELS,Americas Region,1997,5783439,5.78 mil.,5154.825496,69.535,Middle Income,11,35844.079086436,73.26384375,0.9491039022915037,40,FALSE,FALSE
Trinidad and Tobago,TRI,Americas Region,1997,1138101,1.14 mil.,8792.573126,69.465,Middle Income,19,61077.609219759,73.26384375,0.9481484514658706,62,FALSE,FALSE
Paraguay,PAR,Americas Region,1997,5154123,5.15 mil.,4247.400261,69.4,Low Income,8,29476.95781134,66.22871428571429,1.0478838483954953,23,FALSE,FALSE
Brazil,BRA,Americas Region,1997,168546719,168.55 mil.,7957.980824,69.388,Middle Income,6,55218.837341571205,73.26384375,0.947097455557674,3,FALSE,FALSE
Nicaragua,NIC,Americas Region,1997,4609572,4.61 mil.,2253.023004,68.426,Low Income,9,15416.5352071704,66.22871428571429,1.0331772364598004,26,FALSE,FALSE
Peru,PER,Americas Region,1997,24748122,24.75 mil.,5838.347657,68.386,Middle Income,4,39926.1242871602,73.26384375,0.93342085945361,20,FALSE,FALSE
Honduras,HON,Americas Region,1997,5867957,5.87 mil.,3160.454906,67.659,Low Income,8,21383.321848505402,66.22871428571429,1.0215961570402134,20,FALSE,FALSE
Guatemala,GUA,Americas Region,1997,9803875,9.8 mil.,4684.313807,66.322,Low Income,9,31067.306030785403,66.22871428571429,1.0014085388081562,3,FALSE,TRUE
Bolivia,BOL,Americas Region,1997,7693188,7.69 mil.,3326.143191,62.05,Low Income,7,20638.718500155002,66.22871428571429,0.9369047952873267,10,FALSE,TRUE
Haiti,HAI,Americas Region,1997,6913545,6.91 mil.,1341.726931,56.671,Low Income,5,7603.700690670099,66.22871428571429,0.8556862474412263,14,FALSE,TRUE
Canada,CAN,Americas Region,2002,31902268,31.9 mil.,33328.96507,79.77,High Income,6,265865.15436338994,78.17937500000001,1.02034583929585,6,TRUE,FALSE
Costa Rica,COS,Americas Region,2002,3834934,3.83 mil.,7723.447195,78.123,Middle Income,10,60337.8865214985,73.26384375,1.0663240692991895,44,FALSE,FALSE
Chile,CHI,Americas Region,2002,15497046,15.5 mil.,10778.78385,77.86,Middle Income,5,83923.6110561,73.26384375,1.0627343040543105,25,FALSE,FALSE
Puerto Rico,PUE,Americas Region,2002,3859606,3.86 mil.,18855.60618,77.778,Middle Income,11,146655.133746804,73.26384375,1.0616150616585687,43,FALSE,FALSE
United States,UNI,Americas Region,2002,287675526,287.68 mil.,39097.09955,77.31,High Income,13,302259.67662105,78.17937500000001,0.9888797397011679,2,TRUE,FALSE
Cuba,CUB,Americas Region,2002,11226999,11.23 mil.,6340.646683,77.158,Middle Income,4,48923.1616766914,73.26384375,1.0531524972029602,33,FALSE,FALSE
Uruguay,URU,Americas Region,2002,3363085,3.36 mil.,7727.002004,75.307,Middle Income,7,58189.7339915228,73.26384375,1.0278876475137164,49,FALSE,FALSE
Mexico,MEX,Americas Region,2002,102479927,102.48 mil.,10742.44053,74.902,Middle Income,6,80463.02805780599,73.26384375,1.022359682022553,6,FALSE,FALSE
Panama,PAN,Americas Region,2002,2990875,2.99 mil.,7356.031934,74.712,Middle Income,6,54958.3857853008,73.26384375,1.019766315495834,54,FALSE,FALSE
Argentina,ARG,Americas Region,2002,38331121,38.33 mil.,8797.640716,74.34,Middle Income,9,65401.661082744,73.26384375,1.014688776822469,12,FALSE,FALSE
Ecuador,ECU,Americas Region,2002,12921234,12.92 mil.,5773.044512,74.173,Middle Income,7,42820.403058857606,73.26384375,1.0124093441384585,29,FALSE,FALSE
Venezuela,VEN,Americas Region,2002,24287670,24.29 mil.,8605.047831,72.766,Middle Income,9,62615.4910470546,73.26384375,0.993204782543231,21,FALSE,FALSE
Jamaica,JAM,Americas Region,2002,2664659,2.66 mil.,6994.774861,72.047,Middle Income,7,50395.2544410467,73.26384375,0.9833909376342268,57,FALSE,FALSE
Colombia,COL,Americas Region,2002,41008227,41.01 mil.,5755.259962,71.682,Middle Income,8,41254.8544596084,73.26384375,0.9784089440434252,10,FALSE,FALSE
Brazil,BRA,Americas Region,2002,179914212,179.91 mil.,8131.212843,71.006,Middle Income,6,57736.489913005804,73.26384375,0.9691820189273102,2,FALSE,FALSE
Dominican Republic,DOM,Americas Region,2002,8650322,8.65 mil.,4563.808154,70.847,Low Income,18,32333.2116286438,66.22871428571429,1.0697323776264502,5,FALSE,TRUE
Nicaragua,NIC,Americas Region,2002,5146848,5.15 mil.,2474.548819,70.836,Low Income,9,17528.7140142684,66.22871428571429,1.0695662865265605,24,FALSE,FALSE
Paraguay,PAR,Americas Region,2002,5884491,5.88 mil.,3783.674243,70.755,Low Income,8,26771.387106346498,66.22871428571429,1.0683432520637357,19,FALSE,FALSE
El Salvador,ELS,Americas Region,2002,6353681,6.35 mil.,5351.568666,70.734,Middle Income,11,37853.7858020844,73.26384375,0.9654694100048496,39,FALSE,TRUE
Peru,PER,Americas Region,2002,26769436,26.77 mil.,5909.020073,69.906,Middle Income,4,41307.5957223138,73.26384375,0.9541677916673598,18,FALSE,FALSE
Guatemala,GUA,Americas Region,2002,11178650,11.18 mil.,4858.347495,68.978,Low Income,9,33511.909351010996,66.22871428571429,1.0415119898360874,2,FALSE,FALSE
Trinidad and Tobago,TRI,Americas Region,2002,1101832,1.1 mil.,11460.60023,68.976,Middle Income,19,79050.636146448,73.26384375,0.9414739449839471,63,FALSE,FALSE
Honduras,HON,Americas Region,2002,6677328,6.68 mil.,3099.72866,68.565,Low Income,8,21253.28955729,66.22871428571429,1.0352760239947714,16,FALSE,TRUE
Bolivia,BOL,Americas Region,2002,8445134,8.45 mil.,3413.26269,63.883,Low Income,7,21804.946042527,66.22871428571429,0.9645816122053231,8,FALSE,TRUE
Haiti,HAI,Americas Region,2002,7607651,7.61 mil.,1270.364932,58.137,Low Income,5,7385.5206051684,66.22871428571429,0.8778216612992638,11,FALSE,TRUE
Canada,CAN,Americas Region,2007,33390141,33.39 mil.,36319.23501,80.653,High Income,6,292925.526126153,78.17937500000001,1.0316403782967054,5,TRUE,FALSE
Costa Rica,COS,Americas Region,2007,4133884,4.13 mil.,9645.06142,78.782,Middle Income,10,75985.722879044,73.26384375,1.0753189563576506,41,FALSE,FALSE
Puerto Rico,PUE,Americas Region,2007,3942491,3.94 mil.,19328.70901,78.746,Middle Income,11,152205.85197014597,73.26384375,1.074827581647325,42,FALSE,FALSE
Chile,CHI,Americas Region,2007,16284741,16.28 mil.,13171.63885,78.553,Middle Income,5,103467.174658405,73.26384375,1.0721932672280792,24,FALSE,FALSE
Cuba,CUB,Americas Region,2007,11416987,11.42 mil.,8948.102923,78.273,Middle Income,4,70039.48600919789,73.26384375,1.0683714639255464,32,FALSE,FALSE
United States,UNI,Americas Region,2007,301139947,301.14 mil.,42951.65309,78.242,High Income,13,336062.324106778,78.17937500000001,1.0008010424744378,1,TRUE,FALSE
Uruguay,URU,Americas Region,2007,3447496,3.45 mil.,10611.46299,76.384,Middle Income,7,81054.598902816,73.26384375,1.0425879409309589,48,FALSE,FALSE
Mexico,MEX,Americas Region,2007,108700891,108.7 mil.,11977.57496,76.195,Middle Income,6,91263.13240772,73.26384375,1.040008223701749,5,FALSE,FALSE
Panama,PAN,Americas Region,2007,3242173,3.24 mil.,9809.185636,75.537,Middle Income,6,74095.64553865322,73.26384375,1.031026985940797,51,FALSE,FALSE
Argentina,ARG,Americas Region,2007,40301927,40.3 mil.,12779.37964,75.32,Middle Income,9,96254.28744847998,73.26384375,1.0280650883813338,11,FALSE,FALSE
Ecuador,ECU,Americas Region,2007,13755680,13.76 mil.,6873.262326,74.994,Middle Income,7,51545.3434876044,73.26384375,1.0236154173933851,27,FALSE,FALSE
Venezuela,VEN,Americas Region,2007,26084662,26.08 mil.,11415.80569,73.747,Middle Income,9,84188.142222043,73.26384375,1.0065947433996048,19,FALSE,FALSE
Nicaragua,NIC,Americas Region,2007,5675356,5.68 mil.,2749.320965,72.899,Low Income,9,20042.2749027535,66.22871428571429,1.100715917351343,21,FALSE,FALSE
Colombia,COL,Americas Region,2007,44227550,44.23 mil.,7006.580419,72.889,Middle Income,8,51070.2640160491,73.26384375,0.9948836461368434,9,FALSE,FALSE
Jamaica,JAM,Americas Region,2007,2780132,2.78 mil.,7320.880262,72.567,Middle Income,7,53125.43179725539,73.26384375,0.9904885723389306,55,FALSE,FALSE
Brazil,BRA,Americas Region,2007,190010647,190.01 mil.,9065.800825,72.39,Middle Income,6,65627.332172175,73.26384375,0.9880726466798296,1,FALSE,FALSE
Dominican Republic,DOM,Americas Region,2007,9319622,9.32 mil.,6025.374752,72.235,Middle Income,18,43524.294521072,73.26384375,0.9859570055659275,37,FALSE,TRUE
El Salvador,ELS,Americas Region,2007,6939688,6.94 mil.,5728.353514,71.878,Middle Income,11,41174.2593879292,73.26384375,0.9810842063551981,38,FALSE,TRUE
Paraguay,PAR,Americas Region,2007,6667147,6.67 mil.,4172.838464,71.752,Low Income,8,29940.9505468928,66.22871428571429,1.083397145390109,17,FALSE,TRUE
Peru,PER,Americas Region,2007,28674757,28.67 mil.,7408.905561,71.421,Middle Income,4,52915.144407218104,73.26384375,0.9748464773935642,17,FALSE,FALSE
Guatemala,GUA,Americas Region,2007,12572928,12.57 mil.,5186.050003,70.259,Middle Income,9,36436.6687160777,73.26384375,0.9589859936880529,30,FALSE,FALSE
Honduras,HON,Americas Region,2007,7483763,7.48 mil.,3548.330846,70.198,Low Income,8,24908.572872750796,66.22871428571429,1.0599330027329534,12,FALSE,TRUE
Trinidad and Tobago,TRI,Americas Region,2007,1056608,1.06 mil.,18008.50924,69.819,Middle Income,19,125733.61066275601,73.26384375,0.9529803027840728,64,FALSE,FALSE
Bolivia,BOL,Americas Region,2007,9119152,9.12 mil.,3822.137084,65.554,Low Income,7,25055.637440453604,66.22871428571429,0.9898123601976699,4,FALSE,TRUE
Haiti,HAI,Americas Region,2007,8502814,8.5 mil.,1201.637154,60.916,Low Income,5,7319.8928873064,66.22871428571429,0.9197823128077808,6,FALSE,TRUE
Australia,AUS,Oceania Region,1992,17481977,17.48 mil.,23424.76683,77.56,High Income,9,181682.49153348,79.26557142857143,0.978482821761925,4,TRUE,FALSE
New Zealand,NEW,Oceania Region,1992,3437674,3.44 mil.,18363.32494,76.33,Middle Income,11,140167.25926701998,76.33,1,1,FALSE,FALSE
Australia,AUS,Oceania Region,1997,18565243,18.57 mil.,26997.93657,78.83,High Income,9,212824.73398131,79.26557142857143,0.9945049102564795,3,TRUE,FALSE
New Zealand,NEW,Oceania Region,1997,3676187,3.68 mil.,21050.41377,77.55,High Income,11,163245.95878635,79.26557142857143,0.9783566635848026,7,TRUE,FALSE
Australia,AUS,Oceania Region,2002,19546792,19.55 mil.,30687.75473,80.37,High Income,9,246637.48476501004,79.26557142857143,1.013933269533341,2,TRUE,FALSE
New Zealand,NEW,Oceania Region,2002,3908037,3.91 mil.,23189.80135,79.11,High Income,11,183454.51847985,79.26557142857143,0.9980373392159089,6,TRUE,FALSE
Australia,AUS,Oceania Region,2007,20434176,20.43 mil.,34435.36744,81.235,High Income,9,279735.70739884,79.26557142857143,1.024845951854435,1,TRUE,FALSE
New Zealand,NEW,Oceania Region,2007,4115771,4.12 mil.,25185.00911,80.204,High Income,11,201993.84706584396,79.26557142857143,1.0118390437931077,5,TRUE,FALSE
