PID,C0unty Name,State,Area (sq miles),Total P0pulation,Population Density,popwhite,popblack,popamerindian,popasian,popother,percamerindan,Percentage Asian,percother,Population Over 18,perchsd,Percentage College,percprof,poppovertyknown,percpovertyknown,Percentage Below Poverty,percchildbelowpovert,percadultpoverty,percelderlypoverty,inmetro,category,Population per Sq Mile
3023, 0conto,Wis.,0.06,30226,503.766667,29926,18,212,36,34,0.70138292,0.11910276,0.11248594,19760,69.4078947,13.4311741,2.37854251,29750,98.4251969,12.0941176,14.1166317,9.63442252,15.5886158,0,AAR,503766.666666667
1266, 0ttawa ,Mich.,0.033,187768,5689.93939,179675,997,638,2451,4007,0.33978101,1.30533424,2.13401645,110737,79.7709889,26.9656935,6.15963951,181937,96.894572,5.9866877,6.29788172,5.89117375,5.68246591,1,ALU,5689939.39393939
1242, 13nawee,Michigan,0.043,91476,2127.34884,86323,1431,303,486,2933,0.33123442,0.53128689,NA,56323,76.3258349,18.7880617,4.58604833,87535,95.6917661,10.4015537,13.9918186,8.62787596,10.0333983,1,AAU,2127348.8372093
2051, 1ak3,OHIO,0.013,215499,16576.8462,209879,3528,250,1447,395,0.11600982,0.67146483,0.18329551,142348,81.0520696,23.6828055,5.20274257,213036,98.8570713,4.89729435,7.14098582,3.93348514,4.90623387,1,HLU,16576846.1538462
3015, 1incoln,Wis.,0.053,26993,509.301887,26712,84,96,78,23,0.35564776,0.28896381,0.08520728,17567,71.0593727,17.4417943,3.44395742,26273,97.3326418,10.4175389,13.7597459,8.59200576,10.8202124,0,AAR,509301.886792453
664, a1len,Ind.,0.041,300836,7337.46341,264086,30314,892,2644,2900,0.29650707,0.87888418,0.96398037,187856,81.1552466,27.3597862,6.85950941,296184,98.4536425,7.90353294,10.533689,6.7890146,7.30149415,1,HAU,7337463.41463415
1202, ar3nac,Mich.,0.021,14931,711,14695,10,139,38,49,0.93094903,0.25450405,0.32817628,9782,65.3956246,11.8278471,2.58638315,14664,98.2117742,20.6492089,28.9513678,18.2323366,16.0544649,0,LHR,711000
2011, ash1and,OHIO,0.025,47507,1900.28,46686,460,49,271,41,0.10314269,0.57044225,0.08630307,29403,76.0024487,17.2669455,4.15943951,45486,95.7458901,11.3441498,17.2289909,9.15943446,8.67428431,0,AAR,1900280
2983, barron,Wis.,0.053,40750,768.867925,40346,40,209,95,60,0.51288344,0.23312883,0.14723926,26198,72.9750363,19.425147,3.24452248,39931,97.990184,11.5524279,14.4092998,9.94820158,11.7280176,0,AAR,768867.924528302
672, c1ark,Ind.,0.022,87777,3989.86364,82289,4703,192,356,237,0.21873612,0.40557321,0.27000239,56970,72.7575917,16.8123574,4.05476567,86270,98.2831493,10.0649125,13.752694,8.18791412,10.9526235,1,AAU,3989863.63636364
568, carro1l,Ill.,0.027,16805,622.407407,16519,111,30,61,84,0.1785183,0.36298721,0.49985123,11323,75.9516029,16.1971209,3.05572728,16455,97.9172865,11.7107262,17.2254616,10.0270366,9.52505219,0,AAR,622407.407407407
1210, cass,Mich.,0.03,49477,1649.23333,44827,3725,469,191,265,0.94791519,0.38603796,0.5356024,31841,72.2778807,15.8443516,3.42639992,48946,98.9267741,11.8824827,17.7992278,9.57841732,10.2969621,0,AAR,1649233.33333333
2019, champaign,OHIO,0.026,36019,1385.34615,34698,992,68,113,148,0.18878925,NA,0.41089425,23023,75.3898276,13.9121748,2.8971029,35404,98.2925678,8.82668625,12.3796568,6.82405567,9.93365922,0,AAR,1385346.15384615
2991, co1umbia,Wis.,0.046,45088,980.173913,44469,243,136,136,104,0.30163236,0.30163236,0.23066004,29637,78.2535344,20.852313,3.54624287,43744,97.0191625,7.49359912,9.98292058,5.91446379,8.3589919,0,AAR,980173.913043478
576, cook,Ill.,0.058,5105067,88018.3966,3204947,1317147,10289,188565,384119,0.20154486,3.69368316,7.52426951,3291995,73.4058223,28.0181167,8.32996405,5023523,98.402685,14.1983027,22.2934971,11.6655424,10.8252688,1,AAU,88018396.5517241
680, d31aware,Indiana,0.023,119659,5202.56522,111232,7167,274,641,345,0.22898403,0.53568892,NA,70609,74.4664278,21.1970145,8.38844906,111645,93.302635,16.7477272,17.661107,17.8898595,11.7679641,1,AAU,5202565.2173913
2027, darke,OHIO,0.036,53619,1489.41667,53067,184,96,114,158,0.17904101,0.2126112,0.29467166,34048,73.4580592,13.475094,3.21898496,52557,98.0193588,8.98643378,12.1345723,7.14033102,9.59320612,0,AAR,1489416.66666667
1218, dickins0n,Mich.,0.046,26831,583.282609,26532,23,135,106,35,0.50314934,NA,0.13044613,17972,78.5221456,20.4206544,3.80035611,26455,98.5986359,9.8998299,12.2511263,7.1444387,13.4107884,0,AAR,583282.608695652
584, edwards,Ill.,0.014,7440,531.428571,7401,6,8,19,6,0.10752688,0.25537634,0.08064516,5019,69.6752341,16.9356446,2.45068739,7350,98.7903226,12.2040816,15.1598677,10.9502501,11.8595279,0,AAR,531428.571428571
2999, f10rence,Wis.,0.03,4590,153,4562,4,14,4,6,0.30501089,0.08714597,0.13071895,3057,75.171737,15.6035329,2.78050376,4513,98.3224401,13.1398183,18.8417618,10.3640257,12.605042,0,AAR,153000
2035, ga1lia,OHIO,0.026,30954,1190.53846,29831,871,79,136,37,0.25521742,0.43936163,0.11953221,19586,64.1784948,14.9341366,4.32451751,29824,96.3494217,22.4885998,28.4607819,19.7789588,21.7653936,0,LHR,1190538.46153846
688, gibson,Ind.,0.029,31913,1100.44828,31146,596,38,104,29,0.11907373,0.325886,0.09087206,20949,72.8053845,15.50432,3.50852069,31364,98.2796979,9.63843897,11.1341717,7.94889993,12.2426177,0,AAR,1100448.27586207
592, grundy,Ill.,0.026,32337,1243.73077,31864,21,45,113,294,0.13915948,0.34944491,0.90917525,20541,78.9640232,18.3778784,3.93846453,31979,98.8929091,6.6168423,6.93047172,5.32733914,10.4620084,1,ALU,1243730.76923077
2043, henry,OHIO,0.025,29108,1164.32,27951,147,53,95,862,0.18208053,0.32637076,2.96138519,18245,75.4343656,15.2589751,2.65826254,28491,97.8803078,6.96360254,8.67297428,5.1076843,9.92209922,0,ALR,1164320
1226, hi1lsdale,Mich.,0.034,43431,1277.38235,42919,113,143,112,144,0.3292579,0.25788032,0.33156041,26657,75.211014,16.4684698,4.14900401,42138,97.0228639,12.8031705,16.4067013,11.2972735,11.509408,0,AAR,1277382.35294118
696, howard,Ind.,0.016,80827,5051.6875,75420,4398,226,457,326,0.27960954,0.56540512,0.40333057,52042,78.453941,20.2298144,5.75881019,79738,98.6526779,11.5152123,16.9615277,9.59316926,9.26146753,1,AAU,5051687.5
1234, jackson,Mich.,0.043,149756,3482.69767,135557,11983,655,653,908,0.43737814,0.43604263,0.60631961,97049,77.6916815,21.2057826,4.08144339,140520,93.8326344,12.0132365,17.1500264,10.1758057,9.9349205,1,AAU,3482697.6744186
3007, jackson,Wis.,0.06,16588,276.466667,15814,47,674,30,23,4.0631782,0.18085363,0.13865445,10800,68.8240741,15.3240741,2.43518519,16244,97.9262117,14.6577198,20.6008584,12.3831216,12.5467626,0,AAR,276466.666666667
600, jasp3r,Ill.,0.029,10609,365.827586,10574,1,11,17,6,0.10368555,0.1602413,0.05655575,6835,69.7000732,15.0256035,2.76517922,10511,99.076256,13.1005613,17.4379611,10.0076104,14.5622525,0,AAR,365827.586206897
608, kn0x,Ill.,0.042,56393,1342.69048,52413,2860,85,320,715,0.15072793,0.56744631,1.26788786,37723,76.5660207,19.3436365,4.21228428,53106,94.1712624,13.8684894,19.6733764,12.8831741,9.73871734,0,AAR,1342690.47619048
704, kn0x,Ind.,0.031,39884,1286.58065,39107,486,69,178,44,0.1730017,NA,0.11031993,24740,74.5028294,19.9757478,5.29506871,37005,92.7815665,15.6978787,19.8819543,14.454248,13.9807342,0,AAR,1286580.64516129
2067, m0rrow,OHIO,0.024,27749,1156.20833,27579,64,49,38,19,0.17658294,0.13694187,0.06847094,17158,71.3253293,12.1051405,2.54691689,27440,98.8864464,11.0750729,17.3749057,8.39833593,8.89809849,0,AAR,1156208.33333333
2059, marion,OHIO,0.024,64274,2678.08333,60948,2707,148,285,186,0.23026418,0.44341413,0.28938607,41239,73.7578506,15.0270375,3.04323577,61526,95.7245543,12.7133244,18.2830355,10.7493876,10.0189036,0,AAR,2678083.33333333
712, marsha1l,Ind.,0.026,42182,1622.38462,41508,76,72,151,375,0.17068892,0.35797259,0.88900479,26511,73.9692958,17.7775263,5.35249519,41497,98.3760846,7.54512374,9.9233426,5.89902569,8.81351121,0,AAR,1622384.61538462
624, massac,Ill.,0.014,14752,1053.71429,13804,870,37,31,10,0.25081345,0.210141,0.06778742,10068,65.3059197,14.034565,2.93007549,14348,97.2613883,16.7410092,22.9808251,14.9682372,14.3283582,0,LAR,1053714.28571429
616, mchenry,Ill.,0.036,183241,5090.02778,178895,310,299,1293,2444,0.16317309,0.70562811,1.33376264,114721,84.5076316,28.0541488,6.41730808,181636,99.1241043,3.49159858,4.06964667,2.87024568,5.0644731,1,HLU,5090027.77777778
1250, mecosta,Mich.,0.034,37308,1097.29412,35739,978,258,187,146,0.69154069,0.50123298,0.39133698,19005,77.7426993,25.0460405,7.84530387,32627,87.4530932,25.0681951,25.5436141,28.2299641,13.1685725,0,AHR,1097294.11764706
1258, newaygo,Mich.,0.051,38202,749.058824,36758,468,248,103,625,0.64918067,0.26961939,1.63604,23989,71.0742424,15.6946934,3.84759682,37725,98.7513743,15.8807157,21.3676748,13.1306466,14.869186,0,AAR,749058.823529412
720, ohio,Ind.,0.005,5315,1063,5255,41,8,9,2,0.1505174,0.16933208,0.03762935,3457,67.7176743,10.7029216,1.79346254,5271,99.1721543,9.88427243,8.62688713,8.58398107,15.9609121,1,LAU,1063000
632, pe0ria,Ill.,0.038,182827,4811.23684,154298,24892,312,2225,1100,0.17065313,NA,0.60166168,115963,77.9326164,25.838414,6.59003303,176647,96.6197553,14.5278437,21.8711768,12.4275854,10.3180428,1,AAU,4811236.84210526
2075, portage,OHIO,0.03,142585,4752.83333,136998,3906,292,1191,198,0.20479013,0.83529123,0.13886454,82726,79.3100114,21.8818751,6.58680463,133447,93.5911912,11.9088477,13.3814451,12.1537341,7.97863462,1,AAU,4752833.33333333
3031, price,Wis.,0.075,15600,208,15479,7,77,27,10,0.49358974,0.17307692,0.06410256,10414,73.324371,15.527175,2.81352026,15271,97.8910256,10.8899221,12.5549585,8.14521452,14.7695725,0,AAR,208000
728, pu1aski,Ind.,0.026,12643,486.269231,12509,65,21,20,28,0.16609982,0.1581903,0.22146642,7974,71.8961625,14.1710559,3.51141209,12467,98.6079253,10.8285875,13.6955919,8.91951838,11.4992151,0,AAR,486269.230769231
640, rich1and,Ill.,0.022,16545,752.045455,16442,17,24,43,19,0.14505893,0.25989725,0.11483832,10917,73.4908858,21.5077402,3.62737016,16228,98.0840133,13.9758442,18.6600613,12.0681606,12.94943,0,AAR,752045.454545455
3039, shawano,Wis.,0.054,37157,688.092593,35251,42,1762,70,32,4.74204053,0.18838981,0.08612105,24271,69.453257,14.8077953,2.45560546,36389,97.9330947,11.2973701,14.932266,9.10511287,11.9495299,0,AAR,688092.592592593
2083, she1by ,OHIO,0.025,44915,1796.6,43789,615,49,393,69,0.10909496,0.87498608,0.15362351,27365,72.943541,17.3762105,3.66892015,44127,98.245575,7.74582455,10.54634,5.95581568,8.73122118,0,AAR,1796600
1274, shiawassee,Mich.,0.031,69770,2250.64516,68686,93,397,223,371,0.56901247,0.31962161,0.53174717,43097,78.7456203,17.2912268,3.4712393,69020,98.9250394,10.5882353,14.5300886,9.05735814,8.88030888,0,AAR,2250645.16129032
736, spencer ,Ind.,0.024,19490,812.083333,19295,111,37,33,14,0.18984094,0.1693176,0.07183171,12509,71.9242146,14.1338236,4.44479974,19102,98.0092355,9.85760653,10.7415902,8.0898243,14.2547258,0,AAR,812083.333333333
648, stark ,Ill.,0.017,6534,384.352941,6496,8,8,21,1,0.12243649,0.32139578,0.01530456,4396,77.0245678,16.8789809,2.9799818,6404,98.0104071,12.4609619,19.0391459,10.4477612,9.38748336,0,AAR,384352.941176471
744, vanderburgh,Ind.,0.013,165058,12696.7692,151216,12410,284,917,231,0.17206073,0.55556229,0.13995081,109217,75.2044096,21.7585174,6.47426683,160427,97.1943196,12.4767028,17.096145,10.8453217,11.4168894,1,AAU,12696769.2307692
2091, warr3n,Ohio,0.023,113909,4952.56522,110526,2415,231,627,110,0.20279346,0.55043939,NA,73151,75.4671843,24.4193518,5.90832661,109393,96.0354318,6.35232602,8.71549016,5.07858441,7.22380639,1,ALU,4952565.2173913
3047, washingt0n,Wis.,0.025,95328,3813.12,94465,125,208,337,193,0.21819402,NA,0.20245888,59583,81.3403152,23.3909001,4.01456791,94143,98.7569235,3.23762786,4.06985404,2.58450033,4.28088917,1,HLU,3813120
656, wayne,Ill.,0.042,17241,410.5,17141,9,31,44,16,0.17980396,0.25520561,0.09280204,11613,63.0586412,15.6807027,2.75553259,17054,98.9153761,14.3954497,19.6855936,11.6169183,14.7752126,0,LAR,410500
752, we1ls,Ind.,0.021,25948,1235.61905,25758,10,40,41,99,0.15415446,0.15800832,0.3815323,16396,79.0009758,18.5655038,5.58672847,25464,98.134731,5.57257304,6.61065969,4.43388757,7.49419954,1,ALU,1235619.04761905
1260,0ceana,MI,0.03,22454,748.466667,21211,58,242,50,893,1.07775897,0.22267747,3.97701968,14069,73.3172223,16.9024096,3.91641197,22156,98.6728423,17.8868027,24.6226559,15.3972083,14.0566274,0,AHR,748466.666666667
1263,0sceola,MI,0.034,20146,592.529412,19899,57,117,43,30,0.58076045,NA,0.14891294,12491,72.0598831,13.6658394,2.64190217,19853,98.545617,18.5463154,24.083319,16.2693393,16.2198036,0,AHR,592529.411764706
2070,0ttawa,OH,0.016,40029,2501.8125,39029,265,51,94,590,0.12740763,0.23482975,1.4739314,26931,75.8568193,19.338309,4.21447403,39392,98.4086537,6.61301787,9.54335557,5.25392428,6.72342557,0,ALR,2501812.5
722,0wen,IN,0.023,17281,751.347826,17167,44,46,18,6,0.2661883,NA,0.03472021,11151,66.2720832,11.1649179,3.25531342,17046,98.640125,13.5515663,17.9775281,11.1626436,14.4039735,0,LAR,751347.826086957
3026,0zaukee,WI,0.015,72831,4855.4,71676,492,127,438,98,0.1743763,0.60139226,0.13455809,47058,86.8991457,37.4197798,9.36503889,71600,98.3097857,2.1801676,1.91895478,1.9385043,3.54706685,1,HLU,4855400
2055,10rain,OH,0.029,271126,9349.17241,241549,21230,738,1479,6130,0.27219817,NA,2.26094141,169492,75.2820192,18.8616572,4.283978,265062,97.7634015,11.4912737,17.386122,9.42837411,8.42662074,1,AAU,9349172.4137931
708,1a porte,IN,0.036,107066,2974.05556,96286,9580,259,431,510,0.24190686,0.40255543,0.4763417,70102,73.9080197,17.1792531,4.87860546,100574,93.9364504,10.0542884,14.6622858,8.53452003,7.91819325,0,AAR,2974055.55555556
612,1ee,IL,0.043,34392,799.813953,32530,1222,84,181,375,0.24424285,0.52628518,1.09036985,22661,76.2808349,18.476678,4.04218702,32162,93.5159339,8.8240781,10.5378832,7.71542507,9.5268748,0,AAR,799813.953488372
585,3ffingham,IL,0.028,31704,1132.28571,31523,12,45,95,29,0.14193793,0.29964673,0.09147111,19477,74.9550752,20.2751964,3.7839503,31229,98.5017663,8.99484454,11.599832,6.97446574,10.5174981,0,AAR,1132285.71428571
1198,a1ger,MI,0.051,8972,175.921569,8422,213,304,24,9,3.38831922,0.26749889,0.10031208,6009,73.0237976,16.2755866,3.82759195,8452,94.2041908,14.4817795,19.2080109,12.3091161,13.9679255,0,AAR,175921.568627451
561,adams,IL,0.052,66090,1270.96154,63917,1702,98,249,124,0.14828264,0.37675897,0.18762294,43298,75.1073953,19.6313918,4.35585939,63628,96.2747768,13.1514428,18.0117169,11.0097759,12.4438118,0,AAR,1270961.53846154
663,adams,IN,0.021,31095,1480.71429,30530,36,42,60,427,0.13506995,0.19295707,1.37321113,18119,74.3970418,16.1156797,4.86229924,30490,98.0543496,11.6366022,17.1945239,9.10188775,8.71402697,1,AAU,1480714.28571429
2009,adams,OH,0.035,25371,724.885714,25212,47,67,30,15,0.26408104,0.11824524,0.05912262,15569,58.3852527,8.74173036,2.15813475,25028,98.6480627,28.5280486,35.0246846,25.7522586,26.1800599,0,LHR,724885.714285714
2981,adams,WI,0.041,15682,382.487805,15001,375,125,56,125,0.79709221,0.35709731,0.79709221,11378,66.9801371,12.4274917,2.39057831,14534,92.6795052,14.4351177,22.3008305,13.3100559,10.1867572,0,LAR,382487.804878049
1197,alc0na,Michigan,0.041,10145,247.439024,10026,27,56,26,10,0.55199606,0.25628388,NA,7368,68.553203,14.1150923,3.24375679,10040,98.9650074,17.250996,27.2045028,16.6173986,11.5069357,0,AAR,247439.024390244
562,alexander,IL,0.014,10626,759,7054,3496,19,48,9,0.1788067,0.45172219,0.08469791,6724,59.7263534,11.2433076,2.87031529,10529,99.0871447,32.2442777,45.8265139,27.3856467,25.2289759,0,LHR,759000
1199,allegan,MI,0.049,90509,1847.12245,86760,1448,543,411,1347,0.59994034,0.45409849,1.48824979,55740,74.4384643,18.0660208,4.03659849,88882,98.2023887,9.49798609,11.8957846,7.93385737,10.4949449,1,AAU,1847122.44897959
2010,allen,OH,0.024,109755,4573.125,96177,12313,202,572,491,0.18404628,NA,0.44736003,68893,76.1499717,17.3660604,3.47930849,104543,95.2512414,12.6665583,17.8579862,10.5679214,10.7444235,1,AAU,4573125
1200,alpena ,MI,0.034,30605,900.147059,30372,35,93,85,20,0.30387192,NA,0.0653488,20165,73.597818,18.9337962,4.23010166,30329,99.0981866,13.4755515,17.0423241,12.1669518,12.2930256,0,AAR,900147.058823529
1201,antrim,MI,0.031,18185,586.612903,17895,23,211,24,32,1.16029695,0.1319769,0.17596921,12185,76.3807961,19.039803,5.01436192,17942,98.6637338,13.2148033,18.7581416,12.0375423,9.68128445,0,AAR,586612.903225806
2982,ashland,WI,0.054,16307,301.981481,14749,17,1478,46,17,9.06359232,0.28208745,0.10424971,10262,75.3069577,18.3200156,4.36562074,15573,95.4988655,16.2203814,20.3220685,15.1600512,13.2975552,0,AAR,301981.481481481
2012,ashtabula,OH,0.041,99821,2434.65854,95465,3138,196,350,672,0.19635147,0.35062762,0.67320504,63850,72.3790133,13.2435395,2.88332028,97541,97.7159115,16.117325,23.8186247,13.6699531,11.9077683,1,AAU,2434658.53658537
2013,athens,OH,0.03,59549,1984.96667,56163,1678,167,1374,167,0.28044132,2.30734353,0.28044132,30179,74.6114848,29.1494085,12.0447994,51002,85.6471141,28.6733854,29.2581157,31.7442813,14.3249554,0,AHR,1984966.66666667
2014,auglaize,OH,0.024,44585,1857.70833,44225,66,50,177,67,0.11214534,0.3969945,0.15027476,27676,76.4561353,16.1764706,3.24468854,43911,98.4882808,6.26949967,8.14294535,5.28379951,6.08875129,1,ALU,1857708.33333333
563,b0nd,IL,0.022,14991,681.409091,14477,429,35,16,34,0.23347342,0.10673071,0.22680275,9669,69.3349881,17.0338194,4.48857172,14235,94.9569742,12.0688444,14.036061,10.85209,12.69741,0,AAR,681409.090909091
668,b0one,IN,0.024,38147,1589.45833,37814,83,90,94,66,0.23592943,NA,0.17301492,24915,82.4683925,27.8306241,8.81396749,37402,98.0470286,6.29645474,8.02175391,5.23959855,7.08942537,1,HLU,1589458.33333333
1207,b3rrien,MI,0.033,161378,4890.24242,133259,24872,685,1487,1075,0.42446926,0.92143911,0.66613789,102485,74.7270332,23.742011,6.30140996,158312,98.1001128,14.7057709,22.975087,11.852965,10.9998965,1,AAU,4890242.42424242
1203,baraga,MI,0.054,7954,147.296296,6971,49,918,10,6,11.5413628,0.12572291,0.07543374,5166,70.4800619,14.5760743,3.36817654,7700,96.8066382,16.8181818,22.3873442,14.2559291,15.8131683,0,AAR,147296.296296296
1204,barry,MI,0.034,50057,1472.26471,49429,104,188,144,192,0.37557185,0.28767205,0.38356274,31892,78.2641415,17.2519754,3.86303775,49091,98.0702,9.07498319,11.6531558,8.00437796,8.27717737,0,AAR,1472264.70588235
665,barth0lom3w,Indiana,0.022,63657,2893.5,61774,1005,97,610,171,0.15237916,0.95826068,NA,41218,76.9032947,22.8468145,6.84409724,62784,98.6285876,8.54517074,10.736855,6.99242014,10.8119434,0,AAR,2893500
1205,bay,MI,0.026,111723,4297.03846,107747,1242,726,428,1580,0.64982143,0.38309032,1.41421193,71684,73.9872217,18.2258245,3.66190503,110453,98.86326,12.5302165,17.5860997,10.9708597,9.98930263,1,AAU,4297038.46153846
2984,bayfield,WI,0.089,14008,157.393258,12707,29,1240,24,8,8.85208452,NA,0.05711022,9418,78.5410915,25.8228923,5.83988108,13833,98.7507139,16.5835321,23.4879306,14.4289143,13.2549788,0,AAR,157393.258426966
2015,be1mont,OH,0.031,71074,2292.70968,69520,1308,81,129,36,0.11396573,0.18150097,0.05065143,48645,72.3424812,14.1576729,3.22746428,69952,98.4213636,17.4190874,25.849973,15.7629051,12.5753241,1,AAU,2292709.67741935
666,benton,IN,0.024,9441,393.375,9389,6,16,1,29,0.16947357,0.0105921,0.30717085,6053,77.0857426,13.4643978,4.01453825,9300,98.5065141,8.04301075,8.34921845,6.84232894,10.5022831,0,AAR,393375
1206,benzie,MI,0.02,12200,610,11863,30,237,35,35,1.94262295,0.28688525,0.28688525,8333,76.6470659,21.4208568,4.68018721,12077,98.9918033,12.8591538,18.6411745,11.3047574,10.3274559,0,AAR,610000
667,blackford,IN,0.01,14067,1406.7,13978,7,44,16,22,0.3127888,0.11374138,0.1563944,9259,72.9884437,12.9819635,4.42812399,13903,98.8341508,9.85398835,12.3237451,8.33224671,10.9375,0,AAR,1406700
564,boone,IL,0.017,30806,1812.11765,29344,127,46,150,1139,0.14932156,0.48691813,3.69733169,19272,75.4721876,17.2789539,4.19779992,30337,98.4775693,7.20901869,11.1795358,5.53601292,6.21704745,1,ALU,1812117.64705882
2016,br0wn,Ohio,0.028,34966,1248.78571,34487,406,28,30,15,0.08007779,0.08579763,NA,21769,64.9088153,11.4336901,3.1742386,34439,98.4928216,14.1554633,18.6900797,11.1457233,16.3148479,1,LAU,1248785.71428571
1208,branch,MI,0.029,41502,1431.10345,40278,705,221,156,142,0.53250446,0.3758855,0.34215219,26446,73.7880965,16.066702,3.51281857,39759,95.8002024,14.0848613,20.8565121,11.6031599,10.717385,0,AAR,1431103.44827586
565,brown,IL,0.018,5836,324.222222,5264,547,14,5,6,0.23989034,0.08567512,0.10281014,3979,68.861523,14.475999,3.36768032,4815,82.5051405,13.5202492,13.0228887,11.1432109,19.2,0,AAR,324222.222222222
669,brown,IN,0.019,14080,741.052632,13968,13,47,18,34,0.33380682,0.12784091,0.24147727,9510,76.4353312,19.8002103,6.16193481,13948,99.0625,6.86836822,8.09384164,6.16327041,7.44387554,0,ALR,741052.631578947
2985,brown,WI,0.032,194594,6081.0625,186621,1012,3869,2522,570,1.98824219,1.29603174,0.29291756,120575,82.6439975,26.2931785,4.62450757,189369,97.3149224,9.16570294,12.0873618,8.08561665,7.96336775,1,HAU,6081062.5
2986,buffalo,WI,0.04,13584,339.6,13521,5,22,29,7,0.16195524,0.21348645,0.05153121,8918,72.6059655,17.9412424,3.13971743,13337,98.1816843,11.9067257,15.2720243,9.63907813,13.1345403,0,AAR,339600
566,bureau,IL,0.05,35688,713.76,35157,50,65,195,221,0.18213405,0.54640215,0.61925577,23444,76.6294148,18.9046238,3.27589149,35107,98.3720018,10.3996354,14.1588185,8.17928731,11.0085864,0,AAR,713760
2987,burnett,WI,0.053,13084,246.867925,12497,22,532,24,9,4.06603485,0.18343014,0.0687863,9045,72.2830293,13.6760641,2.99613046,12816,97.9516967,15.4884519,21.0293653,13.9379475,13.1688466,0,AAR,246867.924528302
2017,butler ,OH,0.028,291479,10409.9643,274892,13134,379,2659,415,0.13002652,0.91224411,0.14237732,176989,75.9736481,24.2252343,6.75917712,279692,95.9561409,10.6499292,13.1730731,10.0032732,8.52227905,1,AAU,10409964.2857143
575,c0l3s,Illinois,0.03,51644,1721.46667,50177,925,92,341,109,0.17814267,0.66028968,NA,29136,76.105162,25.1750412,8.14456343,45693,88.4768802,16.7487361,16.3419409,18.7929138,10.9936084,0,AAR,1721466.66666667
1214,c1are,MI,0.034,24952,733.882353,24665,40,160,53,34,0.64123116,0.21240782,0.13626162,16401,66.9105542,12.0419487,2.76812389,24522,98.2766912,23.7134002,35.978586,22.1719457,13.5634167,0,LHR,733882.352941176
572,c1ark,IL,0.03,15921,530.7,15842,10,26,36,7,0.16330632,0.22611645,0.04396709,10734,71.3340786,15.1108627,2.77622508,15615,98.0780102,12.0076849,15.3215475,10.1317752,12.5954198,0,AAR,530700
1209,calh0un,MI,0.042,135982,3237.66667,118737,14383,696,1068,1098,0.51183245,NA,0.80745981,86623,76.8387149,21.4885192,4.76778685,131766,96.8995897,14.2920025,21.3346103,12.370767,9.57053103,1,AAU,3237666.66666667
567,calhoun,IL,0.017,5322,313.058824,5298,1,8,15,0,0.15031943,0.28184893,0,3583,62.8244488,11.9173877,3.20960089,5241,98.4780158,15.1497806,13.7877614,12.9323308,21.0852713,0,LAR,313058.823529412
2988,calumet,WI,0.023,34291,1490.91304,33910,29,146,173,33,0.42576769,0.50450556,0.09623516,20940,79.6561605,19.7803247,3.01337154,33952,99.0114024,4.87158341,6.22784325,3.72723875,6.39097744,1,ALU,1490913.04347826
2018,carroll,OH,0.024,26521,1105.04167,26254,135,65,29,38,0.2450888,0.10934731,0.14328268,17124,71.5253445,11.323289,3.07171222,26075,98.3183138,11.746884,14.6183522,10.9407318,9.75813178,1,AAU,1105041.66666667
670,carroll ,IN,0.022,18809,854.954545,18720,19,22,3,45,0.11696528,0.01594981,0.23924717,12241,76.1702475,15.4562536,3.79870926,18498,98.3465362,7.49270191,9.38326888,5.63980573,10.1830664,0,AAR,854954.545454546
569,cass,IL,0.024,13437,559.875,13384,16,8,23,6,0.0595371,NA,0.04465282,8825,72.2719547,14.1076487,3.20679887,13081,97.3505991,13.875086,17.9947841,11.9143432,13.6601796,0,AAR,559875
671,cass,IN,0.024,38413,1600.54167,37765,330,138,114,66,0.35925338,0.29677453,0.17181683,25123,75.8906182,13.2149823,4.02420093,37306,97.1181631,10.3468611,13.3524412,9.47268075,8.55725506,0,AAR,1600541.66666667
1212,ch3b0ygan,Michigan,0.048,21398,445.791667,20837,15,478,57,11,2.23385363,0.26638004,NA,14207,73.5412121,14.6477089,3.01259942,21097,98.5933265,15.5614542,21.159054,13.3028806,14.1585593,0,AAR,445791.666666667
570,champaign,IL,0.058,173025,2983.18966,146506,16559,331,8033,1596,0.19130183,4.64268169,0.92241006,95971,87.4993488,41.2958081,17.7574476,154934,89.5442855,15.5724373,14.1322336,17.5627276,8.1050169,1,HAU,2983189.65517241
1211,charlevoix ,MI,0.022,21468,975.818182,20993,17,378,41,39,1.7607602,0.19098193,0.18166574,13963,79.6963403,22.6527251,5.06338179,21250,98.9845351,10.3952941,13.8431922,8.11281337,12.0059289,0,AAR,975818.181818182
1213,chippewa,MI,0.078,34604,443.641026,28353,2184,3820,152,95,11.0391862,0.43925558,0.27453474,21848,73.5948371,16.9397657,3.80812889,29486,85.2098023,17.0759004,20.9559748,16.1035046,14.3391521,0,AAR,443641.025641026
2989,chippewa ,WI,0.063,52360,831.111111,51854,31,150,276,49,0.28647823,0.52711994,0.09358289,33195,74.9269468,18.1533363,2.78957674,50983,97.3701299,10.476041,13.9566861,8.59508956,10.579373,1,AAU,831111.111111111
571,christian ,IL,0.042,34418,819.47619,34176,82,51,89,20,0.14817828,0.25858562,0.05810913,22945,73.074744,13.567226,3.08999782,33788,98.1695624,11.7082988,16.3206125,9.56969969,11.4906408,0,AAR,819476.19047619
2021,cl3rmont,OH,0.026,150187,5776.42308,148084,1291,218,453,141,0.14515238,0.30162398,0.09388296,91613,72.7833386,19.6893454,4.5528473,148417,98.8214692,8.69374802,11.9078721,7.0066905,9.0945467,1,AAU,5776423.07692308
2020,clark,OH,0.024,147548,6147.83333,133242,13031,294,653,328,0.19925719,0.44256784,0.22230054,93950,73.360298,17.784992,4.60883449,143046,96.9487895,13.4166632,20.4814416,11.095735,10.4346131,1,AAU,6147833.33333333
2990,clark,Wisconsin,0.072,31647,439.541667,31437,29,91,38,52,0.287547,0.12007457,NA,19702,67.5362907,13.84631,2.50228403,30947,97.7881,13.7719327,18.0444728,11.4184117,13.0776485,0,LAR,439541.666666667
573,clay,IL,0.028,14460,516.428571,14403,4,17,29,7,0.1175657,0.20055325,0.04840941,9647,65.5644242,13.6830103,2.78843164,14248,98.5338866,16.7742841,20.5825776,14.4641142,17.6700783,0,LAR,516428.571428571
673,clay,IN,0.021,24705,1176.42857,24522,113,41,15,14,0.16595831,0.06071645,0.05666869,16197,75.884423,14.1137248,4.29709205,24343,98.5347096,11.8432404,15.1636813,9.70500549,12.9662175,1,AAU,1176428.57142857
674,clint0n,IN,0.023,30974,1346.69565,30657,36,51,61,169,0.16465423,0.19693937,0.54561891,19875,76.1610063,16.045283,4.5081761,30143,97.3171047,9.4051687,11.7393903,7.80756609,10.5207037,1,AAU,1346695.65217391
1215,clint0n,MI,0.034,57883,1702.44118,56639,218,276,199,551,0.47682394,0.34379697,0.95192025,35745,83.6844314,22.8647363,4.94614631,57463,99.2743984,6.01778536,7.36650485,4.98168716,7.71621622,1,HLU,1702441.17647059
2022,clint0n,OH,0.024,35415,1475.625,34471,716,59,138,31,0.16659608,0.3896654,0.08753353,21969,74.3320133,15.7631208,3.77349902,34521,97.4756459,12.2505142,14.7371682,10.6142298,13.4121622,0,AAR,1475625
574,clinton,IL,0.029,33944,1170.48276,32688,1021,48,104,83,0.14140938,0.30638699,0.24452039,21563,67.1659788,15.3874693,2.87529565,32190,94.8326656,10.2236719,13.2994025,9.25383422,8.32317604,1,LAU,1170482.75862069
2023,co1umbiana,OH,0.031,108276,3492.77419,106369,1409,174,219,105,0.16070043,0.20226089,0.0969744,70249,71.8003103,13.0905778,2.8797563,106943,98.7688869,15.8916432,23.2200959,13.6442561,12.0377504,1,AAU,3492774.19354839
2024,coshocton,OH,0.034,35427,1041.97059,34819,415,68,112,13,0.191944,0.31614305,0.03669518,22878,71.3305359,11.6793426,2.42154034,34833,98.3233127,13.188643,17.751112,11.1867496,12.1505376,0,AAR,1041970.58823529
2025,crawf0rd,OH,0.023,47870,2081.30435,47361,253,67,116,73,0.1399624,0.24232296,0.15249634,30958,73.8193682,14.258027,2.9717682,47189,98.5773971,11.5916845,15.418153,10.1218333,10.4140383,1,AAU,2081304.34782609
577,crawford,IL,0.026,19464,748.615385,19300,63,34,48,19,0.17468146,0.24660912,0.09761611,13317,76.0306375,16.9858076,3.33408425,19123,98.2480477,10.5370496,13.809825,8.87024273,10.8033875,0,AAR,748615.384615385
675,crawford,IN,0.018,9914,550.777778,9868,9,26,11,0,0.2622554,0.11095421,0,6297,59.5680483,8.54375099,2.93790694,9780,98.648376,18.4662577,22.923588,14.3980528,24.0462428,0,LHR,550777.777777778
1216,crawford,MI,0.034,12260,360.588235,11802,264,145,42,7,1.18270799,0.34257749,0.05709625,8057,73.2034256,18.7787018,4.98945017,11569,94.3637847,14.5907166,20.8293153,12.8239203,10.9926169,0,AAR,360588.235294118
2992,crawford,WI,0.035,15940,455.428571,15791,50,26,56,17,0.16311167,0.35131744,0.10664994,10169,72.3964992,16.599469,2.92064116,15562,97.6286073,14.6382213,19.4600675,12.3815621,13.4865437,0,AAR,455428.571428571
578,cumberland,IL,0.02,10670,533.5,10627,5,6,26,6,0.05623243,NA,0.05623243,6727,72.2461721,14.5978891,2.69064962,10590,99.2502343,12.0491029,13.6031851,9.8222638,15.2846257,0,AAR,533500
2026,cuyahoga,OH,0.026,1412140,54313.0769,1025756,350185,2533,18085,15581,0.17937315,1.28068039,1.10336086,943924,74.0130561,25.0853882,7.35673635,1388547,98.3292733,13.7661167,21.5809764,11.6755057,10.213391,1,AAU,54313076.9230769
581,d0uglas,IL,0.025,19464,778.56,19280,16,19,41,108,0.09761611,0.21064529,0.55487053,12550,74.0318725,16.8685259,3.84063745,19140,98.3353884,9.62904911,13.2935431,7.92479531,8.71436256,0,AAR,778560
2996,d0uglas,WI,0.078,41758,535.358974,40454,170,805,266,63,1.92777432,0.63700369,0.15086929,27060,77.2172949,20.9940872,4.97782705,40426,96.8101921,14.9210904,22.9435598,13.1049683,9.24704418,1,AAU,535358.974358974
580,d3 witt,IL,0.023,16516,718.086957,16387,25,37,43,24,0.22402519,0.2603536,0.14531364,10941,74.6458276,16.1959601,3.30865552,16238,98.3167837,10.3153098,13.568426,7.95599305,12.2553448,0,AAR,718086.956521739
1217,d3lta,MI,0.069,37780,547.536232,36819,16,809,99,37,2.14134463,0.26204341,0.09793542,24476,76.8875633,18.912404,3.52590293,37242,98.5759661,14.6125342,18.591133,13.127551,13.1073145,0,AAR,547536.231884058
2993,dane,WI,0.073,367085,5028.56164,344617,10511,1201,8666,2090,0.32717218,NA,0.56935042,225973,88.8986737,43.6264509,13.4715209,351558,95.7701895,10.4930054,8.76778118,12.1680107,4.97435064,1,HAU,5028561.64383562
676,daviess,IN,0.026,27533,1058.96154,27372,99,26,20,16,0.09443214,0.0726401,0.05811208,17267,66.2187989,13.2391267,3.35900851,26896,97.6864127,15.5413444,20.7750953,12.3878965,15.9292035,0,LAR,1058961.53846154
579,de kalb,IL,0.038,77932,2050.84211,72968,2069,123,1751,1021,0.1578299,2.24683057,1.31011651,41817,83.8797618,32.835928,11.1509673,69127,88.7016887,13.5446352,8.67823765,17.0474188,6.45390792,1,HAU,2050842.10526316
679,de kalb,IN,0.022,35324,1605.63636,35009,37,91,88,99,0.25761522,0.24912241,0.28026271,21801,77.5469015,15.581854,4.45392413,34833,98.6100102,6.45652112,8.76933688,4.93601463,7.47427333,1,ALU,1605636.36363636
677,dearb0rn,IN,0.019,38835,2043.94737,38440,252,53,75,15,0.13647483,NA,0.03862495,24335,73.4785289,15.5742757,4.24491473,38254,98.5039269,8.48015894,10.7832521,7.1425195,8.94133289,1,AAU,2043947.36842105
678,decatur,IN,0.022,23645,1074.77273,23444,39,19,129,14,0.08035525,0.54556989,0.05920914,14625,72.3350427,13.9213675,4.56068376,23245,98.3083104,9.06431491,11.116045,7.66800916,10.0627287,0,AAR,1074772.72727273
2028,defiance ,OH,0.023,39350,1710.86957,36962,493,80,121,1694,0.20330368,NA,4.30495553,24362,76.7670963,18.1881619,3.44388802,38386,97.5501906,8.7584015,11.4322065,7.11092484,9.76641842,0,AAR,1710869.56521739
2029,delaware,OH,0.027,66929,2478.85185,64888,1424,104,385,128,0.15538855,0.57523644,0.19124744,41799,84.3728319,31.5940573,9.34232876,63986,95.602803,5.67311599,6.5723747,4.52441077,9.06414817,1,HLU,2478851.85185185
2994,dodge,WI,0.054,76559,1417.75926,74700,1142,215,197,305,0.28082916,0.25731789,0.39838556,49694,72.2783435,15.9254638,2.82327846,72840,95.1423085,6.64470071,8.39387394,5.17740489,8.25578798,0,ALR,1417759.25925926
2995,door,WI,0.028,25690,917.5,25387,29,178,47,49,0.69287661,0.18295056,0.19073569,17369,79.5670447,22.4883413,4.42167079,25318,98.5519657,9.82305079,13.938754,8.2382666,8.65316276,0,AAR,917500
582,du page ,IL,0.02,781666,39083.3,714905,15462,962,39634,10703,0.12307047,5.07045209,1.3692549,502321,88.5768264,42.7688669,11.9632665,771641,98.7174829,2.71473392,2.94525227,2.39906403,3.83824912,1,HLU,39083300
681,dubois ,IN,0.026,36616,1408.30769,36466,33,30,55,32,0.0819314,0.15020756,0.08739349,22921,72.2307055,17.1676628,4.47188168,35883,97.9981429,6.13661065,5.50713154,4.41161892,13.4687333,0,ALR,1408307.69230769
2997,dunn,WI,0.052,35909,690.557692,34929,172,95,633,80,0.26455763,1.76278927,0.22278537,19755,77.6613516,26.2870159,7.50696026,32837,91.4450416,16.6336754,15.1954674,18.6613878,11.8962601,0,AAR,690557.692307692
1219,eaton,MI,0.034,92879,2731.73529,87549,3310,438,559,1023,0.4715813,0.60185833,1.10143305,58205,85.5304527,26.9787819,6.14723821,91580,98.6014061,6.81371478,8.91257154,5.70213714,7.35389086,1,HLU,2731735.29411765
2998,eau claire,WI,0.038,85183,2241.65789,82202,238,467,2124,152,0.54823145,2.49345527,0.17843936,49336,82.7894438,29.8544673,7.55634831,80458,94.4531186,15.9437222,18.7430181,16.7685011,8.57514739,1,HAU,2241657.89473684
583,edgar,IL,0.036,19595,544.305556,19469,68,24,24,10,0.12248022,0.12248022,0.05103343,13082,73.5208684,16.8399327,3.67680783,19258,98.2801735,16.0037387,22.8276281,14.4809567,11.7620137,0,AAR,544305.555555556
682,elkhart,IN,0.027,156198,5785.11111,146505,7106,453,997,1137,0.29001652,0.63829242,0.72792225,96003,72.8060581,18.3723425,5.36649896,152953,97.9225086,7.04203252,9.86358867,5.80470664,6.30558874,1,ALU,5785111.11111111
1220,emmet,MI,0.027,25040,927.407407,24122,133,683,69,33,2.72763578,0.27555911,0.13178914,16448,81.535749,26.8725681,6.49319066,24581,98.1669329,8.51470648,10.2641509,7.11646468,10.1717902,0,HAR,927407.407407407
2030,erie,OH,0.014,76779,5484.21429,69613,6312,150,265,439,0.19536592,0.34514646,0.57177093,50112,76.2392241,18.7380268,4.63761175,75406,98.2117506,8.98602233,12.6682741,7.13811263,9.33003597,0,AAR,5484214.28571429
587,f0rd,IL,0.03,14275,475.833333,14157,43,14,40,21,0.09807356,NA,0.14711033,9592,77.1684737,17.8273561,3.89908257,13860,97.0928196,9.26406926,13.5712279,7.32528768,8.78740157,0,AAR,475833.333333333
684,f1oyd,IN,0.009,64404,7156,61415,2642,92,175,80,0.14284827,0.27172225,0.12421589,41499,73.2234512,20.5498928,6.40015422,63308,98.2982423,11.0080874,16.0648533,8.19145697,12.6123514,1,AAU,7156000
2031,fairfi31d,Ohio,0.029,103461,3567.62069,101610,1153,193,378,127,0.18654372,0.36535506,NA,65269,78.751015,21.0773874,4.84763058,100916,97.5401359,8.77759721,11.6821249,6.9252938,10.5373526,1,AAU,3567620.68965517
586,fayette,IL,0.044,20893,474.840909,20148,599,40,35,71,0.19145168,0.16752022,0.33982674,13894,68.7922844,13.6029941,2.98690082,19452,93.1029531,13.618137,16.6276347,12.1341463,13.4358289,0,AAR,474840.909090909
683,fayette,IN,0.012,26015,2167.91667,25462,435,37,69,12,0.14222564,0.2652316,0.04612723,16744,63.9094601,11.4249881,3.78643096,25571,98.2932923,10.7856556,14.6890163,8.84701144,10.8691186,0,LAR,2167916.66666667
2032,fayette,OH,0.024,27466,1144.41667,26593,662,50,102,59,0.18204325,0.37136824,0.21481104,17854,65.2850902,11.8740898,2.14517755,26886,97.8882983,16.2203377,21.9505379,13.5346455,15.9820151,0,LAR,1144416.66666667
3000,fond du lac ,WI,0.044,90083,2047.34091,88760,257,297,448,321,0.32969595,0.49731914,0.35633804,56764,77.5068706,20.8318653,3.66253259,87203,96.8029484,7.64423242,10.1088839,6.25657867,8.04270463,0,AAR,2047340.90909091
3001,forest,WI,0.06,8776,146.266667,7842,127,780,14,13,8.88787603,0.15952598,0.14813127,5608,64.1226819,13.5699001,2.2467903,8581,97.778031,21.7806782,31.751365,19.6937066,14.349332,0,LHR,146266.666666667
685,fountain,IN,0.025,17808,712.32,17726,4,25,27,26,0.14038634,0.15161725,0.1460018,11700,72.965812,11.1452991,3.29059829,17573,98.6803684,9.83895749,13.1136951,7.04975016,12.6510878,0,AAR,712320
588,frank1in,IL,0.025,40319,1612.76,40068,36,106,84,25,0.26290335,0.2083385,0.06200551,27214,66.6642169,14.7056662,2.43257147,39703,98.4721843,20.764174,31.074742,19.3135372,13.6794859,0,LHR,1612760
686,franklin,IN,0.023,19580,851.304348,19496,10,34,27,13,0.17364658,NA,0.06639428,12029,65.2672708,12.9935988,3.54975476,19375,98.9530133,10.6270968,12.6787252,8.36868492,14.2276423,0,LAR,851304.347826087
2033,franklin,OH,0.034,961437,28277.5588,783714,152840,2056,19437,3390,0.21384657,2.02166133,0.35259721,597303,80.9987561,32.204593,9.14092178,935142,97.2650314,12.9900058,17.6378685,11.8183828,9.74934856,1,HAU,28277558.8235294
2034,fult0n,OH,0.025,38498,1539.92,37097,93,62,137,1109,0.16104733,0.35586264,2.88066913,23846,78.2563113,16.4765579,3.3296989,37995,98.6934386,6.22976707,7.58154831,4.93982309,8.1255161,1,ALU,1539920
589,fulton,IL,0.052,38080,732.307692,37117,668,83,105,107,0.21796218,0.27573529,0.28098739,25592,73.847296,15.5321976,2.99703032,36393,95.5698529,15.494738,22.8122252,13.9965731,11.0196033,0,AAR,732307.692307692
687,fulton,IN,0.021,18840,897.142857,18555,151,47,36,51,0.24946921,0.1910828,0.27070064,12405,75.3164047,13.929867,4.15961306,18611,98.7845011,10.3379722,12.8706879,9.1876013,10.0211528,0,AAR,897142.857142857
1222,g1adwin ,MI,0.031,21896,706.322581,21694,19,114,40,29,0.52064304,0.18268177,0.13244428,14388,64.8040033,11.4331387,2.20322491,21641,98.8354037,22.3233677,33.1810193,20.1047987,14.9024246,0,LHR,706322.580645161
2036,g3auga,OH,0.024,81129,3380.375,79629,1056,83,312,49,0.1023062,0.38457272,0.06039764,51290,82.0413336,31.6279977,9.12263599,80419,99.1248505,5.55217051,8.49137931,4.10188194,5.40397817,1,HLU,3380375
590,gallatin,Illinois,0.019,6909,363.631579,6842,42,10,11,4,0.14473875,0.15921262,NA,4680,58.4188034,11.3675214,2.69230769,6737,97.5104936,21.4338726,29.7246558,20.005596,16.2300319,0,LHR,363631.578947368
1221,genesee,MI,0.037,430459,11634.027,336651,84257,3132,2902,3517,0.72759543,0.67416409,0.81703484,265430,76.7660023,20.1454244,4.80201936,425331,98.8087135,16.4631781,25.2357066,13.84395,9.70689451,1,AAU,11634027.027027
1223,gogebic,MI,0.068,18052,265.470588,17486,243,283,26,14,1.56769333,0.14402836,0.07755373,12497,76.2743058,21.1730815,3.35280467,17385,96.3051185,14.8806442,19.5447798,13.5987339,13.257945,0,AAR,265470.588235294
690,gr3ene,IN,0.033,30410,921.515152,30248,10,47,65,40,0.15455442,0.21374548,0.13153568,20124,71.5861658,14.9522958,4.35301133,29957,98.5103584,13.1788897,18.2160478,11.4086437,11.5055672,0,AAR,921515.151515151
1224,grand traverse,MI,0.03,64273,2142.43333,63019,259,555,318,122,0.86350412,0.49476452,0.18981532,41094,84.861537,30.9753249,7.0253565,62872,97.8202356,8.54911566,11.2048541,7.49803127,7.69153931,0,HAR,2142433.33333333
689,grant,IN,0.024,74169,3090.375,67817,5047,298,373,634,0.40178511,0.50290553,0.85480457,47541,71.7570097,15.5381671,5.48579121,70618,95.2122855,13.0816506,18.2321973,11.6630942,10.2415235,0,AAR,3090375
3002,grant,WI,0.069,49264,713.971014,48838,76,76,234,40,0.15427087,NA,0.08119519,29160,77.8806584,21.6803841,5.24348422,46314,94.0118545,13.7150754,15.1552225,12.9747224,13.6286394,0,AAR,713971.014492754
1225,gratiot,MI,0.033,38982,1181.27273,37827,328,144,98,585,0.36940126,0.25139808,1.50069263,23966,77.0675123,16.4441292,4.20595844,36654,94.0280129,14.0803187,19.1593729,12.4962511,10.7022876,0,AAR,1181272.72727273
3003,green,WI,0.034,30339,892.323529,30173,23,51,66,26,0.16810046,0.21754178,0.08569828,19708,76.7759286,19.8751776,3.34381977,29821,98.2926267,7.83675933,10.2412605,6.84171136,7.20466184,0,AAR,892323.529411765
3004,green lake,WI,0.022,18651,847.772727,18386,21,42,103,99,0.225189,0.55224921,0.53080264,12453,74.5523167,17.3050671,3.33253031,18351,98.3915072,9.9722086,13.5313531,8.35054909,9.42870413,0,AAR,847772.727272727
591,greene,IL,0.033,15317,464.151515,15231,14,50,17,5,0.32643468,0.11098779,0.03264347,10031,69.0459575,13.0495464,2.71159406,15096,98.5571587,15.5339163,20.0300827,13.444049,14.9431818,0,AAR,464151.515151515
2037,greene,OH,0.025,136731,5469.24,124081,9611,398,2133,508,0.29108249,NA,0.37153242,83757,82.3740105,31.956732,11.061762,130134,95.175198,9.49098621,12.0735213,8.7175598,7.88356241,1,HAU,5469240
2038,guernsey,OH,0.032,39024,1219.5,38166,616,70,141,31,0.17937679,0.36131611,0.07943829,25188,71.3593775,13.5143719,2.57265364,38112,97.6629766,17.4721872,24.3214731,15.0734936,14.3717608,0,AAR,1219500
2046,h0lm3s,Ohio,0.025,32849,1313.96,32706,52,24,43,24,0.07306158,0.13090201,NA,17780,46.912261,9.33070866,1.72665917,31830,96.8979269,17.2447377,24.5171128,12.3522422,15.3579391,0,LAR,1313960
1227,h0ughton,Michigan,0.06,35446,590.766667,34469,158,153,610,56,0.4316425,1.72092761,NA,20646,73.9416836,24.7650877,7.32829604,32448,91.542064,21.0367357,21.1989796,23.6971485,14.5784943,0,AHR,590766.666666667
695,h3nry,Indiana,0.024,48139,2005.79167,47446,474,78,78,63,0.16203079,0.16203079,NA,31989,71.374535,13.2576823,4.41714339,47341,98.3423004,12.3508164,17.2683924,10.6034222,11.0881168,0,AAR,2005791.66666667
2039,hami1ton ,OH,0.025,866228,34649.12,672972,181145,1204,9198,1709,0.13899343,1.06184515,0.19729217,551233,75.6496799,29.7883109,8.6172272,846909,97.7697558,13.2924553,19.570569,11.169832,10.6960613,1,AAU,34649120
593,hamilt0n ,IL,0.025,8499,339.96,8462,3,11,21,2,0.12942699,0.24708789,0.02353218,5859,59.9931729,14.0467657,2.61136713,8383,98.6351335,19.8496958,21.9232686,17.0501332,23.1419671,0,LHR,339960
691,hamilton,IN,0.024,108936,4539,106764,676,163,1190,143,0.14962914,1.09238452,0.13126974,69127,88.6961679,42.1311499,12.0893428,107945,99.0902915,3.59164389,4.25498008,2.92675381,5.45073375,1,HLU,4539000
2040,hanc0ck,OH,0.031,65536,2114.06452,63572,591,91,401,881,0.13885498,0.61187744,1.34429932,41492,82.919599,24.4504965,5.54564735,64198,97.958374,7.27748528,8.45006003,6.51807196,7.93665845,0,HLR,2114064.51612903
692,hanc0ck ,IN,0.017,45527,2678.05882,45173,44,59,176,75,0.12959343,0.38658379,0.16473741,29024,80.1095645,20.4899394,6.60832415,44988,98.8160872,4.46341247,5.62774014,3.50094256,6.07751938,1,HLU,2678058.82352941
594,hancock,IL,0.047,21373,454.744681,21272,26,25,37,13,0.11697001,0.17311561,0.0608244,14322,77.5380533,20.6605223,3.86119257,20943,97.9881158,11.7843671,14.6202065,9.82946027,12.9152053,0,AAR,454744.680851064
595,hardin,IL,0.009,5189,576.555556,5062,85,16,13,13,0.30834458,0.25052997,0.25052997,3492,59.7365407,14.3184422,2.60595647,4954,95.4711891,26.7460638,35.1417004,25.1742835,21.1961302,0,LHR,576555.555555556
2041,hardin,OH,0.028,31111,1111.10714,30661,236,66,115,33,0.21214361,0.36964418,0.10607181,18589,73.9523374,16.0309861,4.32513852,29111,93.5714056,16.3821236,21.816574,14.9368203,12.5945537,0,AAR,1111107.14285714
693,harrison,IN,0.028,29890,1067.5,29641,124,58,36,31,0.19404483,0.12044162,0.10371362,18829,71.1243295,13.1074407,3.83982155,29559,98.8926062,9.83118509,12.58419,7.53536948,12.9673655,1,AAU,1067500
2042,harrison,OH,0.025,16085,643.4,15645,393,22,15,10,0.13677339,0.09325459,0.06216972,10726,69.7557337,10.5537945,1.96718255,15808,98.2778987,19.6988866,29.3435341,18.2995358,11.9607843,0,AHR,643400
596,henders0n,IL,0.023,8096,352,8037,8,29,10,12,0.35820158,NA,0.14822134,5467,73.349186,13.7735504,2.17669654,8030,99.1847826,12.9389788,15.6080748,10.2823529,16.2950257,0,AAR,352000
694,hendricks,IN,0.024,75717,3154.875,74519,685,157,275,81,0.20735106,0.36319453,0.1069773,48047,84.0656024,24.2200345,7.15965617,73207,96.6850245,3.66904804,4.22803082,2.84384454,6.13503237,1,HLU,3154875
597,henry,IL,0.051,51159,1003.11765,49969,657,63,128,342,0.12314549,0.25020036,0.66850408,33423,77.1953445,18.7236334,4.22164378,50472,98.6571278,10.4790775,15.1772634,8.63526345,9.01154039,1,AAU,1003117.64705882
2044,highland,OH,0.034,35728,1050.82353,34876,692,73,71,16,0.20432154,0.19872369,0.0447828,22784,66.4808638,12.3112711,2.49297753,35314,98.841245,16.4835476,19.4384226,14.3413749,18.1541141,0,LAR,1050823.52941176
2045,hocking,OH,0.024,25533,1063.875,25199,234,55,25,20,0.21540751,0.09791251,0.07833,16368,67.8457967,12.85435,2.71260997,24857,97.3524459,15.7098604,20.7745956,13.4820216,14.9915234,0,LAR,1063875
697,huntington,IN,0.023,35427,1540.30435,35012,52,154,133,76,0.4346967,0.37541988,0.21452564,22188,78.5559762,16.9731386,4.84946818,34397,97.092613,6.56452598,7.3208402,5.38424668,9.07244414,1,ALU,1540304.34782609
1228,huron,MI,0.05,34951,699.02,34627,22,89,60,153,0.25464221,0.17166891,0.43775572,22798,67.9928064,14.3082727,3.08799017,34484,98.6638437,15.0098596,17.9445876,13.4359815,14.9548881,0,LAR,699020
2047,huron,OH,0.03,56240,1874.66667,54982,597,85,153,423,0.15113798,0.27204836,0.75213371,34521,74.131688,13.4497842,2.95472321,55535,98.7464438,9.50391645,13.0375596,8.02076192,8.16840178,0,AAR,1874666.66666667
1230,i0nia,MI,0.034,57024,1677.17647,53141,3003,221,120,539,0.38755612,0.21043771,0.94521605,33466,77.2156816,15.116835,3.40046614,51695,90.654812,11.3299159,14.9650878,9.34628975,11.1096292,0,AAR,1677176.47058824
3005,i0wa,Wisconsin,0.046,20150,438.043478,20093,7,21,19,10,0.10421836,0.0942928,NA,12747,80.5993567,20.483251,3.94602652,19890,98.7096774,9.99497235,12.4825175,8.10377358,11.6246499,0,HAR,438043.47826087
1229,ingham,MI,0.034,281912,8291.52941,237183,27837,1941,7562,7389,0.68851273,2.68239734,2.62103068,158966,83.8676195,36.7600619,12.8599826,261491,92.7562502,16.6181628,18.9472436,17.0660584,9.3982718,1,HAU,8291529.4117647
1231,iosco,MI,0.033,30209,915.424242,28966,632,228,269,114,0.75474196,0.89046311,0.37737098,19194,76.3155153,16.2342399,3.63134313,29106,96.3487702,14.1585927,18.5825964,12.2557611,13.2756867,0,AAR,915424.242424242
1232,iron,MI,0.07,13175,188.214286,13028,4,102,32,9,0.77419355,0.24288425,0.0683112,9594,72.9726913,15.4575777,3.28330206,12886,97.8064516,17.1193543,23.3241189,14.4561646,16.5122357,0,AAR,188214.285714286
3006,iron,WI,0.047,6153,130.914894,6121,1,25,2,4,0.40630587,0.03250447,0.06500894,4447,74.7020463,18.7317293,2.67596132,6021,97.854705,13.0709185,15.6467854,12.1790423,12.6623377,0,AAR,130914.893617021
598,iroquois,IL,0.067,30787,459.507463,30154,164,43,69,357,0.13966934,0.22412057,1.15958034,20578,73.4376519,15.1666829,3.22674701,30189,98.0576217,9.19871476,11.6762716,7.9592631,9.10027978,0,AAR,459507.462686567
1233,isabella ,MI,0.034,54624,1606.58824,52212,635,1020,456,301,1.86731107,0.83479789,0.55103984,26492,79.7448286,27.2497358,10.0030198,48498,88.7851494,24.8546332,21.2696866,28.4791467,13.966294,0,AHR,1606588.23529412
599,jacks0n,IL,0.036,61067,1696.30556,51991,6342,109,2178,447,0.17849248,3.56657442,0.7319829,32172,78.767251,36.6436653,14.0898918,54230,88.8041004,28.37175,26.3922105,32.4584833,13.8153008,0,AHR,1696305.55555556
698,jacks0n,IN,0.03,37730,1257.66667,37289,138,66,189,48,0.17492711,0.50092764,0.12721972,24151,69.3263219,13.1423129,3.82592853,37228,98.6694938,10.4921027,13.5361596,8.64372075,11.5976685,0,AAR,1257666.66666667
2048,jackson,OH,0.024,30230,1259.58333,29895,218,53,39,25,0.17532253,0.12901092,0.08269931,19136,60.8800167,10.9845318,2.95255017,29874,98.8223619,24.1882573,30.1736614,21.0996006,24.1633681,0,LHR,1259583.33333333
699,jasper,IN,0.034,24960,734.117647,24659,111,60,40,90,0.24038462,0.16025641,0.36057692,14984,75.5205553,14.8558462,5.23224773,23850,95.5528846,7.9706499,10.070028,6.37300843,9.37019969,0,AAR,734117.647058823
700,jay,IN,0.022,21512,977.818182,21313,30,32,67,70,0.14875418,0.31145407,0.32539978,13843,68.8795781,12.771798,4.43545474,21179,98.4520268,9.74078096,11.8595994,8.39788732,10.5313547,0,AAR,977818.181818182
701,jeffers0n,IN,0.021,29797,1418.90476,29181,363,58,122,73,0.19465047,0.40943719,0.24499111,18876,70.285018,17.5460903,5.50434414,27849,93.4624291,11.63417,15.6190216,9.61010784,12.1604938,0,AAR,1418904.76190476
2049,jeffers0n,OH,0.022,80298,3649.90909,75270,4488,167,266,107,0.20797529,0.33126603,0.13325363,54294,71.879029,13.8431503,2.81799094,78510,97.7732945,17.1494077,26.2505981,15.7419355,10.8577511,1,AAU,3649909.09090909
3008,jeffers0n,WI,0.035,67783,1936.65714,66702,189,176,287,429,0.25965213,0.42341,0.63290206,42214,76.9649879,22.1656323,4.73302696,64692,95.4398596,7.1956347,7.99721432,6.72824313,7.46902655,0,ALR,1936657.14285714
601,jefferson,IL,0.033,37020,1121.81818,34856,1924,56,129,55,0.15126958,0.34846029,0.14856834,24023,69.9038422,18.3698955,3.67980685,36495,98.5818476,16.0569941,21.1134991,13.6358867,15.631524,0,AAR,1121818.18181818
702,jennings,IN,0.021,23661,1126.71429,23347,209,31,51,23,0.13101729,0.21554457,0.09720637,14942,64.0811136,10.1458975,3.38642752,22854,96.5893242,12.8030104,16.947001,10.3086514,14.7733961,0,LAR,1126714.28571429
602,jersey,IL,0.023,20539,893,20346,96,43,32,22,0.20935781,0.15580116,0.1071133,12847,71.9156223,14.7583093,3.13691913,19611,95.4817664,9.74453113,11.8255728,8.8343212,9.29971989,1,AAU,893000
603,jo daviess,IL,0.035,21821,623.457143,21732,14,20,29,26,0.09165483,0.1328995,0.11915128,14409,74.092581,16.4133528,3.4284128,21610,99.0330416,8.28782971,9.29164459,6.28398253,11.8393235,0,AAR,623457.142857143
604,johnson ,IL,0.02,11347,567.35,10230,1046,26,14,31,0.22913545,0.12338063,0.27319996,7922,66.1701591,14.3524363,3.43347639,9180,80.9024412,15.5555556,18.5350603,12.2665006,19.8775318,0,LAR,567350
703,johnson ,IN,0.018,88109,4894.94444,86455,845,139,534,136,0.15775914,0.60606748,0.15435427,55137,80.4069862,22.308069,6.24988665,85547,97.092238,6.90263832,8.75542692,5.76260508,8.17939609,1,HLU,4894944.44444444
3009,juneau,WI,0.047,21650,460.638298,21307,31,166,78,68,0.76674365,0.36027714,0.31408776,14210,70.5840957,14.3912738,2.47712878,21340,98.5681293,12.7835052,14.7692308,11.1914696,13.9638682,0,AAR,460638.29787234
3010,k3nosha,WI,0.016,128181,8011.3125,119187,5295,472,669,2558,0.3682293,0.52191823,1.99561557,80794,75.087259,20.3282422,4.06094512,125494,97.9037455,10.2140341,15.6521483,8.56810674,6.94973343,1,AAU,8011312.5
1237,k3nt,MI,0.05,500631,10012.62,444112,40314,2756,5380,8069,0.55050526,1.0746438,1.61176595,305356,80.2882537,28.6383762,6.46131073,489425,97.7616248,9.15135108,12.4240562,7.78036993,8.09425626,1,HAU,10012620
1235,kalamazoo,MI,0.033,223411,6770.0303,197427,19879,1017,3168,1920,0.45521483,1.41801433,0.85940263,134684,83.4241632,34.5571857,10.8520685,212670,95.192269,13.4748672,16.1371424,13.5013362,8.63585267,1,HAU,6770030.3030303
1236,kalkaska,MI,0.033,13497,409,13321,10,114,23,29,0.84463214,NA,0.21486256,8485,69.6169711,11.4555097,2.38067177,13321,98.6960065,14.2256587,17.2608361,12.5250501,14.2446634,0,AAR,409000
605,kan3,Illinois,0.029,317471,10947.2759,269675,19006,620,4474,23696,0.19529343,1.40926258,NA,191807,77.7192699,27.5938834,7.01329983,310740,97.8798063,6.84655982,9.59040311,5.55167946,6.31380264,1,ALU,10947275.862069
606,kankakee,IL,0.039,96255,2468.07692,80194,14399,150,644,868,0.15583606,0.66905615,0.90177134,59821,73.0863744,17.6409622,3.99023754,92594,96.1965612,13.2967579,19.5983276,10.888062,10.2479647,1,AAU,2468076.92307692
607,kendall,IL,0.018,39413,2189.61111,38019,210,73,224,887,0.18521808,0.5683404,2.25052648,24175,83.6773526,24.8893485,5.25336091,39199,99.4570319,3.38529044,4.42017237,2.35504872,5.87851078,1,HLU,2189611.11111111
3011,kewaunee ,WI,0.02,18878,943.9,18766,24,52,23,13,0.27545291,NA,0.06886323,11945,73.5454165,14.3909586,2.15989954,18662,98.855811,8.21991212,9.8546347,6.05500821,11.6542392,0,AAR,943900
1238,keweenaw,MI,0.02,1701,85.05,1688,1,4,6,2,0.23515579,0.35273369,0.1175779,1287,64.3356643,14.4522145,3.57420357,1696,99.7060553,20.5778302,21.8844985,21.2765957,19.0243902,0,LHR,85050
2050,knox ,OH,0.03,47473,1582.43333,46747,381,93,195,57,0.19590083,0.4107598,0.12006825,29992,75.2000533,16.771139,4.2011203,44269,93.2509005,12.4511509,18.1717025,10.5853414,9.88372093,0,AAR,1582433.33333333
705,kosciusko,IN,0.032,65294,2040.4375,64058,309,118,322,487,0.18072105,0.49315404,0.7458572,40321,77.475757,19.2629151,5.91751197,64110,98.1866634,6.64170956,8.2147651,5.32189084,8.34152093,0,ALR,2040437.5
614,l0gan,IL,0.036,30798,855.5,29223,1291,37,143,104,0.12013767,NA,0.33768427,20324,75.9004133,17.9492226,3.79846487,28104,91.2526787,10.7813834,12.8258458,9.96479107,10.3613632,0,AAR,855500
3012,la crosse,WI,0.028,97904,3496.57143,94319,438,340,2667,140,0.34727897,2.72409707,0.14299722,58586,82.5760421,30.4885126,7.34475813,93254,95.2504494,13.4085401,14.452894,14.0575375,9.52813067,1,HAU,3496571.42857143
610,la sall3,IL,0.068,106913,1572.25,103805,1153,206,523,1226,0.19268003,0.48918279,1.14672678,70357,73.127052,16.8995267,3.43817957,104473,97.7177705,11.1014329,15.2417866,9.21209673,10.6971468,0,AAR,1572250
3013,lafayette,WI,0.037,16076,434.486486,16009,14,21,19,13,0.13062951,0.1181886,0.08086589,10181,77.0356547,16.4620371,2.60288773,15911,98.9736253,11.02382,13.3161512,9.61466981,11.2437186,0,AAR,434486.486486487
706,lagrange,IN,0.022,29477,1339.86364,29156,44,59,92,126,0.20015605,0.31210775,0.42745191,16100,56.6521739,11.1118012,3.46583851,28954,98.2257353,11.5079091,15.9615575,7.96751242,13.4746404,0,LAR,1339863.63636364
609,lake,IL,0.028,516418,18443.5,450666,34771,1198,12588,17195,0.23198262,2.43756027,3.32966705,318475,84.7269016,37.8340529,11.4640082,495312,95.9130007,5.15977808,6.76712484,4.19193902,6.16443033,1,HLU,18443500
707,lake,IN,0.03,475594,15853.1333,334203,116688,865,2772,21066,0.18187782,0.58285008,4.42940828,298552,73.478322,17.6686138,4.93917308,469774,98.7762672,13.8051489,21.5110371,11.0934323,9.95578032,1,AAU,15853133.3333333
1239,lake,MI,0.035,8583,245.228571,7337,1146,81,9,10,0.94372597,0.10485844,0.11650938,5931,61.288147,11.3134379,2.00640701,8387,97.7164162,26.4099201,37.6986038,25.0707123,18.8764973,0,LHR,245228.571428571
3014,langlade,WI,0.052,19505,375.096154,19291,13,137,22,42,0.702384,0.11279159,0.2153294,12933,71.4992654,13.6317946,2.89955927,19234,98.6106127,14.625143,21.9306834,11.5954206,12.7876683,0,AAR,375096.153846154
1240,lapeer,MI,0.038,74768,1967.57895,73049,483,319,282,635,0.42665311,0.3771667,0.84929382,45437,77.6019544,16.1542355,3.2572573,73344,98.0954419,8.19289921,10.8173406,6.89849757,7.908968,1,AAU,1967578.94736842
611,lawrence,IL,0.022,15972,726,15759,151,31,21,10,0.19408966,0.13148009,0.06260957,10950,69.2328767,14.5388128,1.94520548,15347,96.0869021,19.8475272,31.1128734,16.7597057,14.8832156,0,AHR,726000
709,lawrence,IN,0.027,42836,1586.51852,42536,109,88,77,26,0.20543468,0.17975535,0.06069661,28005,69.7089805,13.1476522,3.84931262,42152,98.4032123,9.72195863,12.5923191,7.86502438,11.2748803,0,AAR,1586518.51851852
2052,lawrence,OH,0.026,61834,2378.23077,60115,1559,57,75,28,0.09218229,0.12129249,0.04528253,39219,65.8787832,12.2083684,3.14643413,61007,98.6625481,23.5399216,33.2300024,21.1064359,16.3875266,1,LHU,2378230.76923077
1241,leelanau,MI,0.021,16527,787,15958,16,451,45,57,2.72886791,0.27228172,0.34489018,11127,85.099308,32.5963872,8.25918936,16422,99.364676,9.00621118,12.8336041,7.04916163,9.20502092,0,HAR,787000
2053,licking,OH,0.04,128300,3207.5,125181,2217,247,475,180,0.19251754,0.37022603,0.14029618,81642,76.4251243,18.1793685,4.53565567,124678,97.1769291,10.4998476,14.7950733,8.84336678,9.29430267,1,AAU,3207500
613,livingston,IL,0.062,39301,633.887097,36551,2115,62,131,442,0.1577568,0.33332485,1.12465332,26084,74.1450698,14.5031437,2.94816746,35431,90.1529223,9.32516723,13.7011589,8.02005013,6.77040677,0,AAR,633887.096774194
1243,livingston,MI,0.034,115645,3401.32353,113566,673,705,480,221,0.60962428,0.41506334,0.19110208,72343,85.5687489,27.5866359,6.47747536,114160,98.7158978,4.13104415,5.29198774,3.22646163,6.05403732,1,HLU,3401323.52941176
2054,logan,OH,0.027,42310,1567.03704,41156,804,58,240,52,0.13708343,0.56724179,0.12290239,26780,74.4884242,13.3233757,3.33457804,41566,98.2415505,10.4676899,13.5485,9.22106393,9.52197379,0,AAR,1567037.03703704
2056,lucas,OH,0.021,462361,22017.1905,380155,68456,1164,4981,7605,0.25175134,1.07729674,1.64481866,289965,76.2340282,23.5504285,6.00589726,454351,98.2675874,15.268812,21.4916528,13.4944573,11.4228016,1,AAU,22017190.4761905
1244,luce ,MI,0.055,5763,104.781818,5418,2,331,6,6,5.74353635,0.10411244,0.10411244,3811,69.5880346,14.4056678,3.33245867,5566,96.5816415,17.6787639,22.9434447,16.8765743,12.8350934,0,AHR,104781.818181818
1254,m0nroe,MI,0.033,133600,4048.48485,129421,2339,481,574,785,0.36002994,NA,0.58757485,82291,74.0882964,17.4296096,4.00529827,132283,99.0142216,8.6398101,11.9992591,6.77596351,9.38262438,1,AAU,4048484.84848485
2064,m0nroe,OH,0.026,15497,596.038462,15437,19,26,12,3,0.16777441,NA,0.01935859,10196,69.4488035,10.513927,2.59905845,15276,98.5739175,21.4912281,28.809219,18.6889987,19.7591146,0,AHR,596038.461538462
716,m0ntgomery,IN,0.03,34436,1147.86667,33971,201,68,138,58,0.19746777,0.40074341,0.16842839,22174,80.0487057,16.9252277,5.80860467,33157,96.2858636,9.39771391,11.8232951,7.65231519,11.2698928,0,HAR,1147866.66666667
629,m0rgan,IL,0.033,36397,1102.93939,34561,1510,48,130,148,0.131879,0.35717229,0.40662692,23605,75.9034103,20.7244228,5.65981784,33746,92.7164327,11.1954009,12.3290901,10.1418555,12.6183885,0,AAR,1102939.39393939
2061,m3igs ,Ohio,0.025,22987,919.48,22734,177,44,20,12,0.19141254,0.0870057,NA,14772,64.0265367,11.677498,2.38288654,22665,98.5992082,26.0092654,34.9729464,23.6672906,19.9579341,0,LHR,919480
3020,m3n0minee,Wisconsin,0.021,3890,185.238095,416,0,3469,0,5,89.1773779,0,NA,1922,62.6951093,7.33610822,0.52029136,3820,98.2005141,48.6910995,64.3084767,43.3124644,18.2186235,0,LHR,185238.095238095
625,m3nard,IL,0.018,11164,620.222222,11101,9,29,14,11,0.25976353,0.12540308,0.09853099,7390,77.3071719,18.511502,3.51826793,10964,98.2085274,9.55855527,12.4503311,7.89163722,10.1449275,1,AAU,620222.222222222
1245,mackinac,MI,0.059,10674,180.915254,8955,5,1691,11,12,15.8422335,NA,0.11242271,7156,71.3806596,15.2878703,2.78088317,10570,99.0256699,16.4049196,22.2423146,14.9934567,12.9071661,0,AAR,180915.254237288
1246,macomb,MI,0.028,717400,25621.4286,693686,10400,2639,9112,1563,0.36785615,1.27014218,0.21787009,472323,76.9287119,20.6866911,4.43001929,710217,98.9987455,5.19306071,7.35610433,4.10136736,5.95219197,1,ALU,25621428.5714286
618,macon,IL,0.035,117206,3348.74286,102197,14135,157,506,211,0.13395219,0.43171851,0.18002491,76297,76.2113845,19.8618556,4.98446859,114042,97.3004795,12.7417969,19.2574786,10.9095835,8.98486907,1,AAU,3348742.85714286
619,macoupin,IL,0.05,47679,953.58,47077,379,94,88,41,0.19715179,0.18456763,0.08599174,31217,72.8192972,14.0083929,3.2546369,46387,97.2902116,13.2127536,18.5988943,10.8171077,12.460907,0,AAR,953580
620,madis0n,Illinois,0.045,249238,5538.62222,230217,16136,683,1420,782,0.27403526,0.56973656,NA,161517,75.8143106,19.6994744,4.94932422,245370,98.4480697,11.3387945,16.6709192,9.90305061,8.29181097,1,AAU,5538622.22222222
710,madis0n,Indiana,0.026,130669,5025.73077,119734,9870,299,415,351,0.22882244,0.31759637,NA,84886,73.4502745,16.401998,5.07268572,125156,95.7809427,12.7249193,19.8256124,10.5838631,9.4521245,1,AAU,5025730.76923077
2057,madison,OH,0.028,37068,1323.85714,33947,2764,96,157,104,0.25898349,0.42354592,0.28056545,23896,69.4928021,13.3788082,2.67408771,32904,88.7665911,8.4275468,11.2765492,7.12069334,8.11343048,1,AAU,1323857.14285714
2058,mah0ning,OH,0.024,264806,11033.5833,221109,39681,444,985,2587,0.16766992,0.37197042,0.97694161,176658,74.6006408,18.1757973,4.52342945,260264,98.2847821,15.9196047,25.0271849,13.8501553,10.7028532,1,AAU,11033583.3333333
1247,manist3e,MI,0.032,21265,664.53125,20851,54,189,54,117,0.88878439,0.2539384,0.55019986,14619,73.295027,16.2528217,3.39284493,21000,98.7538208,17.6238095,25.9354583,15.3846154,14.1412138,0,AAR,664531.25
3016,manitowoc,WI,0.036,80421,2233.91667,78730,115,318,1071,187,0.39541911,1.33174171,0.23252633,52215,75.40745,19.0711481,2.88805899,79142,98.4096194,8.33564984,11.7911918,6.97293058,7.29801829,0,AAR,2233916.66666667
3017,marath0n,WI,0.094,115400,1227.65957,112189,89,490,2499,133,0.42461005,2.16551127,0.1152513,72367,75.9448367,21.877375,4.05709785,114112,98.8838821,7.91853617,10.3436458,6.21167941,9.55842757,1,AAU,1227659.57446809
3018,marinette,WI,0.082,40548,494.487805,40280,8,150,63,47,0.36993193,0.15537141,0.11591201,26699,73.6094985,15.4275441,2.30720252,39419,97.2156457,11.6593521,15.1330585,9.60642411,12.1661029,0,AAR,494487.804878049
621,marion,IL,0.035,41561,1187.45714,39647,1519,106,232,57,0.2550468,0.55821563,0.13714781,27077,70.1259371,16.4493851,3.31277468,40800,98.1689565,16.3676471,22.3493101,13.9285714,14.7224835,0,AAR,1187457.14285714
711,marion,IN,0.023,797159,34659.087,615039,169654,1698,7579,3189,0.21300644,0.95075136,0.40004566,511309,76.8046328,26.7446886,7.68654571,780649,97.928895,12.058044,18.1554118,9.76327509,10.7259641,1,AAU,34659086.9565217
1248,marquette,MI,0.11,70887,644.427273,68027,1170,943,538,209,1.33028623,0.75895439,0.29483544,42386,81.7722833,26.763554,6.7994149,66398,93.6673861,12.6088135,14.2621599,11.84465,12.523891,0,HAR,644427.272727273
3019,marquette,WI,0.027,12321,456.333333,12174,31,49,18,49,0.39769499,0.14609204,0.39769499,8499,69.714084,14.0016473,2.57677374,12182,98.8718448,11.6072894,15.6430268,9.678511,11.4586466,0,AAR,456333.333333333
622,marshall,IL,0.023,12846,558.521739,12752,17,30,28,19,0.23353573,0.21796668,0.14790596,8600,77.7790698,17.5348837,2.56976744,12563,97.7969796,9.38470111,11.4717933,7.50307503,11.3305613,0,AAR,558521.739130435
713,martin,IN,0.021,10369,493.761905,10321,12,14,14,8,0.13501784,NA,0.07715305,6625,64.4075472,13.5396226,3.38113208,10211,98.4762272,13.8478112,17.9383712,11.3361763,15.455035,0,LAR,493761.904761905
623,mas0n,IL,0.033,16269,493,16180,8,27,38,16,0.1659598,NA,0.09834655,10729,72.5789915,13.5054525,2.8986858,16025,98.5002151,15.5070203,24.1131352,12.8400955,11.6038007,0,AAR,493000
1249,mason,MI,0.029,25537,880.586207,24957,155,188,75,162,0.73618671,0.29369151,0.63437365,16796,76.1252679,18.5401286,4.06644439,25147,98.4728042,14.0613194,20.0209958,12.4061605,10.7592659,0,AAR,880586.206896552
615,mcdonough ,IL,0.034,35244,1036.58824,32992,1254,65,802,131,0.18442856,2.27556464,0.37169447,18784,80.302385,27.9280239,10.3598807,28821,81.7756214,19.0520801,16.0093168,22.4033816,12.8843841,0,HHR,1036588.23529412
617,mclean,IL,0.068,129180,1899.70588,121057,5563,203,1624,733,0.15714507,1.25716055,0.5674253,72957,84.671793,33.8185507,9.00393382,117663,91.0845332,11.8754409,10.0105088,13.715404,7.2666025,1,HAU,1899705.88235294
2060,medina,OH,0.025,122354,4894.16,120504,850,172,684,144,0.14057571,0.55903362,0.11769129,76962,82.3978067,23.7026065,4.88552792,121055,98.9383265,5.52063112,7.85156137,4.21102969,6.32405892,1,HLU,4894160
1251,men0minee,MI,0.064,24920,389.375,24464,7,382,60,7,1.5329053,0.24077047,0.02808989,16514,74.282427,15.084171,2.65229502,24562,98.5634029,12.7514046,14.0686721,11.3086771,14.551258,0,AAR,389375
2062,mercer,OH,0.028,39443,1408.67857,39131,14,85,100,113,0.21550085,0.25353041,0.28648936,23780,75.4793944,14.1000841,3.32632464,38961,98.7779834,6.70414004,7.62704884,5.68931069,8.04411765,0,ALR,1408678.57142857
626,mercer ,IL,0.033,17290,523.939394,17155,30,33,35,37,0.19086177,0.20242915,0.21399653,11357,77.3531743,16.4744211,3.11702034,17006,98.357432,10.1317182,11.4663727,9.01086957,11.4338123,0,AAR,523939.393939394
2063,miami,OH,0.024,93182,3882.58333,90519,1779,158,606,120,0.16956064,0.65034019,0.12878024,59893,76.5665437,19.2777119,4.43457499,92127,98.8678071,8.35151476,12.3240006,6.30440618,8.91394114,1,AAU,3882583.33333333
714,miami ,IN,0.024,36897,1537.375,34784,1115,571,224,203,1.54755129,0.60709543,0.55018023,22509,76.4272069,14.4075703,3.88733396,35971,97.4903109,10.9393678,15.2701644,9.26941094,9.05255757,0,AAR,1537375
1252,midland,MI,0.031,75651,2440.35484,73466,719,334,804,328,0.4415011,1.06277511,0.43356995,47213,83.2440218,35.6088365,11.1854786,74135,97.9960609,11.0851824,14.5056449,10.1340285,8.30024213,1,HAU,2440354.83870968
3021,milwaukee,WI,0.015,959275,63951.6667,718918,195470,6994,15308,22585,0.72909228,1.59578849,2.35438222,610538,76.2604457,25.3558337,6.20125201,933532,97.3164108,15.8734784,27.7980262,12.8895894,7.81374777,1,AAU,63951666.6666667
1253,missaukee,MI,0.033,12147,368.090909,12015,3,74,25,30,0.60920392,0.20581213,0.24697456,7628,69.3890928,13.280021,2.39905611,11973,98.5675475,17.2889,23.7570621,15.07431,13.2467532,0,AAR,368090.909090909
715,monro3,IN,0.024,108978,4540.75,102752,2835,216,2713,462,0.19820514,2.48949329,0.42393878,57368,82.1032631,37.7422954,17.2012272,93693,85.9742333,19.4390189,14.3463367,22.9989983,9.5751634,1,HHU,4540750
627,monroe,IL,0.023,22422,974.869565,22262,13,53,57,37,0.23637499,0.25421461,0.1650165,14613,75.8639568,19.9206186,3.31896257,22071,98.4345732,4.81174392,4.77462437,4.21197857,6.83692471,1,ALU,974869.565217391
3022,monroe ,WI,0.054,36633,678.388889,35983,141,301,143,65,0.82166353,0.39035842,0.17743565,23025,75.7263844,17.3724213,2.84473398,35485,96.8662135,13.0026772,18.0921979,10.5513257,11.6072842,0,AAR,678388.888888889
1255,montcalm ,MI,0.042,53059,1263.30952,51216,960,384,157,342,0.72372265,0.29589702,0.64456548,32959,73.3851148,14.160017,2.93698231,50918,95.9648693,15.3187478,19.1582873,13.6934028,13.7735631,0,AAR,1263309.52380952
628,montgomery,IL,0.041,30728,749.463415,29956,559,49,66,98,0.15946368,0.21478782,0.31892736,20386,72.1917002,11.723732,2.5262435,29003,94.3862275,14.0295831,17.7958446,12.2912264,13.4700076,0,AAR,749463.414634146
2065,montgomery,OH,0.027,573809,21252.1852,463551,101817,1065,5886,1490,0.18560183,1.02577687,0.25966829,371530,77.7571125,26.5504804,7.0042796,561952,97.933633,12.6286587,19.4520723,10.6043371,9.44086822,1,AAU,21252185.1851852
1256,montmorency,MI,0.033,8936,270.787879,8861,1,48,10,16,0.53715309,0.11190689,0.17905103,6279,67.5903806,13.4575569,2.7552158,8803,98.5116383,17.5167557,26.8328446,16.2082515,12.4022346,0,LAR,270787.878787879
717,morgan,IN,0.024,55920,2330,55635,9,137,91,48,0.24499285,0.16273247,0.08583691,35089,73.5786144,14.6798142,4.43443814,55262,98.823319,6.67728276,8.36697487,5.18163722,9.53302374,1,ALU,2330000
2066,morgan,OH,0.025,14194,567.76,13524,570,64,12,24,0.45089474,0.08454276,0.16908553,8980,71.5812918,11.3808463,2.31625835,13924,98.0977878,21.2079862,31.325,17.9487179,14.8148148,0,AHR,567760
630,moultri3,IL,0.021,13930,663.333333,13884,8,22,13,3,0.15793252,0.09332376,0.02153625,9282,70.2865762,15.7185951,2.99504417,13356,95.879397,11.3432165,15.2669633,9.10269336,11.856585,0,AAR,663333.333333333
1257,musk3g0n,Michigan,0.028,158983,5677.96429,133931,21617,1338,555,1542,0.84159942,0.34909393,NA,99720,74.2468913,19.0433213,3.44965905,154086,96.9197965,15.2551173,23.0023063,12.7038182,10.3740797,1,AAU,5677964.28571429
2068,muskingum,OH,0.041,82068,2001.65854,78125,3468,214,152,109,0.26075937,0.18521226,0.13281669,51692,71.140602,15.3234543,3.57308674,80009,97.4911049,14.7208439,21.3569812,12.6231667,11.137507,0,AAR,2001658.53658537
719,n0ble,IN,0.025,37877,1515.08,37456,58,83,98,182,0.21913034,0.25873221,0.48050268,23151,72.0832793,12.6387629,3.5592415,37198,98.2073554,8.04881983,11.6240876,6.00627082,8.47923103,0,AAR,1515080
718,newton,IN,0.024,13551,564.625,13436,9,39,24,43,0.28780164,0.1771087,0.31731975,8567,72.4407611,12.1746236,3.18664643,13310,98.2215335,8.8580015,12.6107348,7.11798301,8.02442215,0,AAR,564625
2069,noble,OH,0.024,11336,472.333333,11301,7,15,9,4,0.13232181,0.07939308,0.03528582,7235,69.8548721,8.84588804,1.57567381,11176,98.5885674,16.3743737,22.7357901,12.8071997,16.4845173,0,AAR,472333.333333333
1259,oakland,MI,0.055,1083592,19701.6727,970674,77488,3948,25103,6379,0.36434378,2.31664686,0.58869021,717210,84.6344864,36.9635114,11.220563,1070844,98.8235424,6.04364408,8.45200666,4.94988864,6.47730339,1,HLU,19701672.7272727
1261,ogemaw,MI,0.032,18681,583.78125,18489,18,140,19,15,0.74942455,0.10170762,0.08029549,12379,63.0341708,11.6568382,2.73850876,18364,98.3030887,21.7545197,30.5464927,19.9889197,15.6257046,0,LHR,583781.25
631,ogle,IL,0.045,45957,1021.26667,44895,66,87,136,773,0.1893074,0.2959288,1.68200709,29575,77.602705,18.7793745,3.47252747,45229,98.4159105,7.24535143,8.54618474,6.26131745,8.28708375,1,ALU,1021266.66666667
3024,oneida,WI,0.071,31679,446.183099,31320,58,223,56,22,0.70393636,0.17677326,0.06944664,22153,77.5967138,21.9338239,4.97449555,30890,97.5093911,9.61799935,13.9667073,8.10961622,8.559414,0,AAR,446183.098591549
1262,ontonagon,MI,0.078,8854,113.512821,8723,4,109,15,3,1.231082,0.16941495,0.03388299,6198,74.5724427,15.9567602,2.66214908,8712,98.3962051,13.1887052,16.516374,11.8080357,12.8,0,AAR,113512.820512821
721,orange,IN,0.023,18409,800.391304,18213,127,40,21,8,0.21728502,0.11407464,0.043457,11902,64.9302638,9.78827088,2.83985885,18103,98.3377696,15.3455228,19.423275,12.7880658,16.7800454,0,LAR,800391.304347826
1264,oscoda,MI,0.033,7842,237.636364,7781,2,41,5,13,0.52282581,0.06375925,0.16577404,5433,66.5746365,12.9210381,2.68728143,7718,98.4187707,17.8025395,24.3506494,17.0002669,13.5186057,0,LHR,237636.363636364
1265,otsego,MI,0.031,17957,579.258065,17737,18,103,82,17,0.57359247,0.45664643,0.0946706,11358,79.4506075,20.0211305,4.43740095,17682,98.4685638,9.46725484,11.4552313,7.837492,11.080502,0,AAR,579258.064516129
3025,outagami3,WI,0.037,140510,3797.56757,136043,206,1965,1904,392,1.39847698,1.3550637,0.2789837,86689,81.5328358,24.8578251,4.36272191,137496,97.8549569,6.20236225,8.20300676,5.02296542,6.85592403,1,HLU,3797567.56756757
3029,p0lk,WI,0.055,34773,632.236364,34348,23,321,50,31,0.92313001,NA,0.08914963,22515,77.9835665,18.5920497,3.39329336,34105,98.0789693,11.8223134,16.0155849,9.75664969,11.1643221,0,AAR,632236.363636364
723,parke,IN,0.027,15410,570.740741,15222,118,42,16,12,0.27255029,0.10382868,0.07787151,10217,76.7348537,14.6129001,4.31633552,14849,96.3595068,12.1961075,13.0620985,10.3266992,15.9411012,0,AAR,570740.740740741
2071,pau1ding,OH,0.025,20488,819.52,19920,236,54,20,258,0.26356892,0.09761812,1.25927372,12456,72.2302505,11.4884393,2.82594733,20298,99.0726279,9.78914179,11.9703215,8.16975645,11.2109012,0,AAR,819520
3027,pepin,WI,0.014,7107,507.642857,7070,2,18,9,8,0.25327142,0.12663571,0.11256508,4578,71.0353866,15.7492355,2.81782438,6944,97.7064866,12.6152074,14.8821218,10.1239669,15.1315789,0,AAR,507642.857142857
633,perry,IL,0.026,21412,823.538462,20901,399,26,63,23,0.12142724,0.29422754,0.1074164,13921,67.839954,13.5622441,2.20530134,21090,98.4961704,15.8368895,20.8596713,13.3475898,15.8660508,0,LAR,823538.461538462
724,perry,IN,0.022,19107,868.5,18819,210,32,32,14,0.16747789,0.16747789,0.07327158,12271,65.3573466,11.0422948,2.90929835,18163,95.0594023,11.6225293,14.1656417,9.28652322,14.5016797,0,LAR,868500
2072,perry ,OH,0.023,31557,1372.04348,31408,57,46,21,25,0.14576798,0.06654625,0.07922173,19411,68.5539127,10.1076709,2.18432847,31255,99.0430016,19.0657495,25.3889985,16.3782957,16.7218221,0,AHR,1372043.47826087
634,piatt,IL,0.025,15548,621.92,15508,8,16,11,5,0.10290713,0.07074865,0.03215848,10458,82.950851,22.011857,5.19219736,15315,98.501415,6.13124388,7.06766917,4.61225953,9.16779432,0,HLR,621920
2073,pickaway,OH,0.03,48255,1608.5,44867,3036,127,95,130,0.26318516,NA,0.26940213,31380,69.7100064,13.0943276,2.93499044,42392,87.8499637,12.0777505,16.3463189,9.94214435,12.4391393,1,AAU,1608500
3028,pierce,WI,0.034,32765,963.676471,32366,82,87,172,58,0.26552724,0.5249504,0.17701816,18623,81.0717929,24.464372,5.42340117,30557,93.2611018,10.4165985,11.0331339,10.3370278,9.47141832,1,HAU,963676.470588235
635,pik3,Illinois,0.049,17577,358.714286,17499,8,24,32,14,0.13654207,0.1820561,NA,11820,69.856176,12.1742809,2.30964467,17365,98.7938784,17.9326231,23.3325587,15.0834773,18.2773589,0,AHR,358714.285714286
725,pik3 ,Indiana,0.02,12509,625.45,12469,3,16,19,2,0.12790791,0.15189064,NA,8387,65.482294,13.842852,3.89889114,12357,98.7848749,13.2637372,19.8807157,10.5921723,12.6115166,0,LAR,625450
2074,pike,OH,0.026,24249,932.653846,23807,327,72,41,2,0.29691946,0.16907914,0.00824776,15099,60.7722366,12.4445328,3.23862507,23830,98.2720937,26.5757449,36.915078,22.2239587,22.7062546,0,LHR,932653.846153846
636,pope,IL,0.022,4373,198.772727,4072,266,15,6,14,0.34301395,0.13720558,0.32014635,2821,65.1542006,14.2502659,2.48138958,4160,95.1292019,25.1682692,36.4729459,24.4148692,15.3611394,0,LHR,198772.727272727
3030,portag3,WI,0.048,61405,1279.27083,59972,161,255,786,231,0.41527563,1.28002606,0.37619086,35004,79.7337447,24.6343275,6.01931208,57805,94.1372852,12.8950783,13.5589979,13.1821824,10.5094407,0,AAR,1279270.83333333
726,porter,IN,0.026,128932,4958.92308,126329,454,243,944,962,0.18847144,0.7321689,0.74612974,79625,82.4075353,24.455887,7.83924647,125118,97.0418515,6.11662591,7.48438387,5.48997025,5.97111701,1,HLU,4958923.07692308
727,posey,IN,0.025,25968,1038.72,25588,283,38,34,25,0.14633395,0.13093038,0.09627234,16513,76.2974626,17.2106825,4.59032278,25679,98.8870918,7.62490751,8.9456869,5.92997509,11.3455809,1,AAU,1038720
2076,pr3ble,Ohio,0.025,40113,1604.52,39819,147,53,65,29,0.13212674,0.16204223,NA,25469,72.4606384,11.233264,2.39899486,39614,98.7560143,10.1883173,15.565561,8.12505639,8.24067022,0,AAR,1604520
1267,pr3sque isle,MI,0.042,13743,327.214286,13648,11,43,30,11,0.31288656,0.21829295,0.08004075,9285,65.6758212,13.8933764,3.27409801,13627,99.1559339,14.6987598,16.6811468,12.5114434,16.7679558,0,LAR,327214.285714286
637,pulaski ,IL,0.011,7523,683.909091,5032,2466,8,7,10,0.10634056,0.09304799,0.13292569,4816,59.7799003,14.3687708,2.20099668,7441,98.9100093,30.184115,40.0374181,23.867741,31.1619718,0,LHR,683909.090909091
638,putnam,IL,0.01,5730,573,5616,9,7,7,91,0.12216405,0.12216405,1.58813264,3783,75.8128469,16.5212794,3.43642612,5722,99.8603839,7.54980776,10.4780616,6.22734761,7.15517241,0,AAR,573000
729,putnam,IN,0.029,30315,1045.34483,29196,826,77,154,62,0.25399967,0.50799934,0.20451921,18437,76.0535879,15.734664,5.5811683,26072,86.0036286,8.27324333,10.7356154,6.72192811,9.37950938,0,AAR,1045344.82758621
2077,putnam,OH,0.029,33819,1166.17241,33197,26,44,25,527,0.13010438,0.07392294,1.55829563,20028,77.5064909,15.7080088,2.8060715,33390,98.7314823,5.75621444,7.14017991,4.23869967,7.95176182,0,ALR,1166172.4137931
641,r0ck island,IL,0.028,148723,5311.53571,133428,10488,354,1017,3436,0.2380264,NA,2.31033532,96715,77.3747609,21.3007289,4.49775112,144662,97.2694203,13.1845267,19.375,11.7520934,9.05748897,1,AAU,5311535.71428571
2079,r0ss,OH,0.041,69330,1690.97561,64362,4467,155,266,80,0.22356844,0.38367229,0.11539016,45531,67.5803299,14.1156575,2.99795744,63449,91.5173806,17.7496887,24.8676325,15.0094603,15.4179338,0,LHR,1690975.6097561
3032,racine,WI,0.02,175034,8751.7,152098,16999,521,1004,4412,0.29765646,0.57360284,2.52065313,110593,76.3809644,22.9065131,4.93611711,172392,98.490579,10.1512831,15.556437,8.42926105,6.81166261,1,AAU,8751700
639,randolph,IL,0.036,34583,960.638889,31532,2852,54,83,62,0.15614608,0.24000231,0.17927884,22847,64.2228739,12.7412789,2.95881297,30685,88.7285661,11.0021183,14.2925089,8.99560578,11.678487,0,LAR,960638.888888889
730,randolph,IN,0.026,27148,1044.15385,26947,56,49,37,59,0.18049212,0.13628997,0.21732724,17694,71.8548661,12.6200972,4.53826156,26789,98.677619,11.3516742,15.7303371,9.68322036,10.1874188,0,AAR,1044153.84615385
2078,richland,OH,0.029,126137,4349.55172,115078,9981,223,578,277,0.1767919,0.45823192,0.2196025,81363,73.5321952,16.7975615,3.42170274,122328,96.9802675,11.2517167,16.4937951,8.9708687,10.6330901,1,AAU,4349551.72413793
3033,richland ,WI,0.034,17521,515.323529,17411,12,34,38,26,0.19405285,0.2168826,0.14839336,11309,73.720046,17.4993368,3.14793527,17254,98.4761144,13.4403617,15.7928118,12.6371115,12.3541888,0,AAR,515323.529411765
731,ripley,IN,0.025,24616,984.64,24501,16,44,38,17,0.17874553,NA,0.06906077,15331,68.8148196,13.5281456,3.99191181,24262,98.561911,10.547358,12.9624319,8.24702723,13.6374324,0,AAR,984640
3034,rock,WI,0.042,139510,3321.66667,130803,6638,369,985,715,0.26449717,0.70604258,0.51250806,88072,78.1814879,19.9064402,4.37028795,135919,97.425991,9.87720628,15.2857608,8.14384062,6.8982497,1,AAU,3321666.66666667
1268,roscommon,MI,0.034,19776,581.647059,19597,37,101,23,18,0.51072006,0.11630259,0.09101942,14435,69.3869068,13.363353,2.81260824,19602,99.1201456,18.0542802,26.0370913,17.9957969,13.0744236,0,AHR,581647.058823529
732,rush,IN,0.023,18129,788.217391,17901,142,15,60,11,0.08274036,0.33096144,0.06067626,11404,73.5882147,12.8463697,3.89337075,17589,97.021347,11.1774404,13.4143785,9.50972105,12.7012522,0,AAR,788217.391304348
3035,rusk,Wisconsin,0.055,15079,274.163636,14821,31,82,114,31,0.54380264,0.7560183,NA,9704,70.3112119,16.7559769,3.01937345,14748,97.8048942,16.5785191,20.7524272,15.806851,13.1289074,0,AAR,274163.636363636
1269,saginaw,MI,0.048,211946,4415.54167,165430,36849,915,1272,7480,0.43171374,0.60015287,3.52920083,131154,74.8128155,19.7081294,4.48709151,208790,98.5109415,17.2489104,26.2936776,14.5334371,10.8787742,1,AAU,4415541.66666667
643,saline,IL,0.022,26551,1206.86364,25452,931,66,40,62,0.24857821,0.15065346,0.23351286,18020,63.2241953,15.4883463,3.63485017,25545,96.2110655,20.183989,26.6991079,18.6944068,16.8465816,0,LHR,1206863.63636364
2080,sandusky,OH,0.024,61963,2581.79167,58282,1553,94,142,1892,0.15170344,0.22916902,3.05343511,38993,76.6163157,16.2824097,3.40061037,60811,98.140826,8.99672757,12.030513,7.50127931,8.76451954,0,AAR,2581791.66666667
644,sangam0n,IL,0.051,178386,3497.76471,162013,14364,290,1377,342,0.16256881,0.77192156,0.19171908,117686,81.7709838,28.9881549,8.169196,175796,98.5480923,9.88816583,13.7008576,8.21267648,9.76442912,1,HAU,3497764.70588235
1272,sanilac,Michigan,0.056,39928,713,39232,39,195,71,391,0.48837908,0.17782008,NA,25404,72.1461187,13.7970398,3.11368288,39486,98.8930074,14.2962063,18.7488829,11.9235869,14.1056347,0,AAR,713000
3037,sauk,WI,0.05,46975,939.5,46459,54,288,79,95,0.61309207,0.16817456,0.20223523,30347,74.6597687,19.833921,3.97073846,46193,98.3352847,9.69194467,13.1041039,8.14808827,9.14033299,0,AAR,939500
3038,sawyer,WI,0.079,14181,179.506329,11962,18,2167,15,19,15.2810098,NA,0.13398209,9600,73.7395833,17.9479167,4.04166667,13897,97.9973204,20.5440023,29.0735695,19.1953682,14.1793182,0,AHR,179506.329113924
734,sc0tt,IN,0.011,20991,1908.27273,20850,16,25,50,50,0.11909866,0.23819732,0.23819732,13060,59.992343,10.5895865,3.27718224,20636,98.308799,18.9813917,26.8822813,15.8872136,16.0839161,1,LHU,1908272.72727273
1273,schoolcraft,MI,0.075,8302,110.693333,7755,7,519,13,8,6.25150566,0.15658877,0.09636232,5643,71.5931242,14.5667198,2.76448698,8218,98.9881956,16.6098807,20.7288216,15.3212121,14.8989899,0,AAR,110693.333333333
645,schuyl3r,IL,0.026,7498,288.384615,7479,2,9,6,2,0.12003201,0.08002134,0.02667378,5090,69.410609,14.6365422,2.75049116,7365,98.2261937,16.496945,21.9134153,13.6461126,16.7800454,0,AAR,288384.615384615
2081,scioto,OH,0.035,80327,2295.05714,77253,2458,409,126,81,0.50916877,0.15685884,0.10083783,51585,63.7569061,13.7772608,3.17534167,76736,95.5295231,25.7923269,37.6523745,23.5231677,15.1068091,0,LHR,2295057.14285714
646,scott,IL,0.015,5644,376.266667,5634,1,6,3,0,0.10630758,0.05315379,0,3732,73.6066452,13.0760986,2.25080386,5578,98.8306166,11.5274292,14.2564802,9.37067773,13.3606557,0,AAR,376266.666666667
2082,seneca,OH,0.033,59733,1810.09091,57474,1172,90,234,763,0.15067048,NA,1.27735088,36666,75.2604593,15.6221022,3.03005509,57655,96.5211859,10.7518862,14.3172859,9.29836624,9.27675988,0,AAR,1810090.90909091
3040,sh3boygan,WI,0.032,103877,3246.15625,100389,430,357,2061,640,0.34367569,1.98407732,0.61611329,66938,77.4298605,20.8371926,3.83638591,101088,97.3150938,6.48642767,8.67791176,5.14637904,7.23178521,1,ALU,3246156.25
735,sh3lby,IN,0.024,40307,1679.45833,39743,330,67,142,25,0.16622423,0.35229613,0.06202397,25585,74.1254641,14.7000195,3.70529607,39745,98.6057012,7.23109825,9.41501612,5.43236263,9.82587065,1,ALU,1679458.33333333
647,shelby,IL,0.044,22261,505.931818,22190,14,27,27,3,0.12128835,0.12128835,0.01347648,14745,72.7229569,15.9511699,3.78433367,22010,98.8724675,10.0045434,12.0917304,8.6534177,10.629843,0,AAR,505931.818181818
1270,st c1air,MI,0.04,145607,3640.175,140294,2987,745,475,1106,0.51165123,0.32622058,0.75957887,91241,74.8008023,17.641192,4.07711446,144101,98.9657091,10.9326098,15.0850124,9.30644722,9.42984334,1,AAU,3640175
642,st clair,IL,0.04,262852,6571.3,187866,71275,585,2007,1119,0.2225587,0.76354755,0.42571485,162550,72.5868963,21.184251,5.38911104,257438,97.9402858,17.43177,26.7291879,14.2654008,11.8686334,1,AAU,6571300
3036,st croix,WI,0.044,50251,1142.06818,49895,44,121,148,43,0.24079123,0.2945215,0.08557044,30873,84.4232825,28.5880867,5.38010559,49388,98.2826212,6.40236495,7.89210789,4.97251286,9.30721916,1,HLU,1142068.18181818
733,st joseph,IN,0.028,247052,8823.28571,216984,24190,846,2507,2525,0.34243803,1.01476612,1.02205204,154443,76.0630135,24.611669,8.10007576,234575,94.9496462,9.65490781,13.8132517,8.19188249,8.14209511,1,AAU,8823285.71428571
1271,st joseph,MI,0.029,58913,2031.48276,56661,1600,226,258,168,0.38361652,0.4379339,0.28516626,36757,73.7601001,17.0117257,3.81423946,58033,98.506272,11.4917375,16.6746699,9.77610991,8.22842179,0,AAR,2031482.75862069
2084,stark,OH,0.034,367585,10811.3235,339421,25052,950,1529,633,0.25844363,0.41595821,0.17220507,241153,76.0090067,18.9896041,4.62030329,359231,97.7273284,11.0605711,16.399197,9.51066888,8.45844662,1,AAU,10811323.5294118
737,starke,IN,0.019,22747,1197.21053,22446,73,86,48,94,0.37807183,0.21101684,0.41324131,14260,59.9158485,10.0140252,3.00841515,22293,98.0041324,13.425739,18.5185185,11.8391095,10.2341299,0,LAR,1197210.52631579
649,stephenson,IL,0.033,48052,1456.12121,44524,3081,58,304,85,0.12070257,0.63264796,0.1768917,31555,76.691491,19.8795753,3.8821106,47225,98.2789478,9.90788777,13.5032583,8.35417318,9.50578339,0,AAR,1456121.21212121
738,steuben,IN,0.021,27446,1306.95238,27146,51,64,132,53,0.23318516,0.4809444,0.19310646,17256,78.9986092,18.6080204,5.44738062,26541,96.702616,5.63279454,5.03225806,5.17698213,7.88116361,0,ALR,1306952.38095238
739,sullivan,IN,0.027,18993,703.444444,18905,15,39,15,19,0.20533881,0.07897647,0.10003686,12602,74.0676083,15.4816696,4.12632915,18678,98.3414942,12.5120463,15.4133002,9.67541222,15.6844106,0,AAR,703444.444444444
2085,summit,OH,0.024,514990,21457.9167,446902,61185,1065,4989,849,0.20680013,0.96875667,0.16485757,337442,78.3393887,24.7331393,6.25529721,506100,98.2737529,12.1499704,18.0813265,10.8654209,8.22432118,1,AAU,21457916.6666667
740,switz3r1and,Indiana,0.013,7738,595.230769,7695,15,16,10,2,0.20677178,0.12923236,NA,5015,65.8025922,9.47158524,3.17048853,7589,98.0744378,15.2193965,20.3518783,11.365332,18.4300341,0,LAR,595230.769230769
3041,tayl0r,WI,0.057,18901,331.596491,18807,2,39,44,9,0.20633829,0.23279192,0.04761653,11676,68.8078109,15.0650908,3.0061665,18603,98.4233638,12.664624,15.9650375,10.265319,13.8896828,0,AAR,331596.49122807
650,taz3well,Illinois,0.039,123692,3171.58974,122639,186,221,432,214,0.1786696,0.3492546,NA,80310,78.5941975,20.0448263,3.92105591,121970,98.6078324,9.13257358,12.8933916,7.91641669,7.28836792,1,AAU,3171589.74358974
741,tippecanoe,IN,0.03,130598,4353.26667,122013,2660,320,4821,784,0.24502672,3.69148073,0.60031547,69148,85.1781686,36.2454446,15.2571296,114062,87.3382441,14.3816521,10.5675147,17.1884131,7.86494538,1,HAU,4353266.66666667
742,tipton,IN,0.016,16119,1007.4375,15990,10,20,51,48,0.12407718,0.3163968,0.29778522,10511,77.0335839,15.4219389,4.87108743,15933,98.8460823,6.43946526,8.11649558,5.04670768,8.19285233,1,ALU,1007437.5
3042,trempealeau,WI,0.043,25263,587.511628,25160,12,32,46,13,0.12666746,0.18208447,0.05145865,16648,71.6842864,17.5516579,2.87121576,24533,97.1103986,10.6754168,12.9199756,7.8841449,14.5652992,0,AAR,587511.627906977
2086,trumbull,OH,0.037,227813,6157.10811,210915,15221,341,973,363,0.14968417,0.42710469,0.15934121,149822,75.2492958,15.5998451,3.78849568,225230,98.8661753,11.4047862,16.9653149,9.38910671,9.85596375,1,AAU,6157108.10810811
1275,tusc0la,MI,0.048,55498,1156.20833,54051,478,345,206,418,0.62164402,0.37118455,0.75318029,34607,72.9505591,14.1243101,2.5572861,54175,97.6161303,12.8583295,17.2158102,11.4048489,10.0748013,0,AAR,1156208.33333333
2087,tuscarawas,OH,0.034,84090,2473.23529,83107,623,138,187,35,0.16410988,0.22238078,0.04162207,55192,71.9180316,13.0834179,3.02036527,82852,98.5277679,11.1222421,14.39584,9.78198126,10.4047334,1,AAU,2473235.29411765
743,uni0n,IN,0.01,6976,697.6,6915,20,15,21,5,0.21502294,0.30103211,0.07167431,4397,71.2531271,12.6449852,3.91175802,6836,97.9931193,9.47922762,11.5527292,7.66578249,11.9592875,0,AAR,697600
2088,uni0n,OH,0.026,31969,1229.57692,30563,1168,57,132,49,0.17829773,0.4129,0.15327348,20527,76.1631023,16.9825108,3.84858966,30117,94.2068879,7.43101903,9.46814728,5.77602449,9.76408912,0,AAR,1229576.92307692
651,union,IL,0.024,17619,734.125,17313,122,34,53,97,0.19297349,0.30081162,0.55054203,12092,64.2242805,17.8795898,4.00264638,16823,95.48215,18.1596624,24.9001996,14.6790039,19.010096,0,LHR,734125
745,v3rmillion,IN,0.016,16773,1048.3125,16690,15,32,28,8,0.19078281,0.16693495,0.0476957,11163,72.0594822,12.2726866,3.52951715,16494,98.3366124,11.6709106,14.7683398,9.87012987,12.5608011,1,AAU,1048312.5
1276,van buren,MI,0.037,70060,1893.51351,63189,4690,646,217,1318,0.9220668,0.30973451,1.88124465,43758,71.8405777,17.8047443,4.48146625,69093,98.6197545,15.1332262,21.0408367,12.4853114,13.4497364,1,AAU,1893513.51351351
2089,van wert,OH,0.024,30464,1269.33333,29900,193,31,78,262,0.10175945,0.25603992,0.86003151,19497,79.2327025,15.1100169,3.1902344,30007,98.4998687,7.09167861,7.60100707,6.06022585,9.22109675,0,ALR,1269333.33333333
652,vermi1ion,IL,0.052,88257,1697.25,78956,7841,165,507,788,0.18695401,0.57445868,0.89284703,58087,72.751218,17.0571729,4.06114965,85119,96.4444747,15.2386659,22.5401872,13.0433821,11.4093571,0,AAR,1697250
3043,vernon,WI,0.048,25617,533.6875,25509,12,36,42,18,0.14053168,0.16395362,0.07026584,16883,69.211633,18.9421311,3.62494817,25087,97.9310614,15.8249292,21.2011051,13.4496431,14.5714286,0,AAR,533687.5
746,vig0,IN,0.024,106107,4421.125,98411,5916,297,1161,322,0.27990613,1.09417852,0.30346725,66140,75.9842758,22.7230118,8.7526459,97228,91.6320318,14.6943267,18.5088374,13.7729456,12.5077272,1,AAU,4421125
3044,vilas ,WI,0.06,17707,295.116667,16116,9,1534,38,10,8.66324053,0.21460439,0.05647484,12815,76.1451424,19.2118611,4.31525556,17446,98.5260067,14.7369024,23.0433667,14.2519778,9.17322835,0,AAR,295116.666666667
2090,vinton,OH,0.024,11098,462.416667,11071,4,16,3,4,0.14417012,0.0270319,0.03604253,6963,58.6959644,7.91325578,1.56541721,10937,98.5492882,23.6079364,31.7708333,22.2259753,14.9176955,0,LHR,462416.666666667
662,w0odford,IL,0.032,32653,1020.40625,32388,64,54,102,45,0.16537531,0.31237559,0.13781276,20469,80.0136792,22.8052176,4.97337437,31693,97.0599945,7.18770706,10.0139231,5.62835021,7.15055695,1,HLU,1020406.25
653,wabash,IL,0.012,13111,1092.58333,12955,40,11,80,25,0.08389902,0.61017466,0.19067958,8520,74.870892,24.7300469,3.92018779,12849,98.001678,12.9426415,17.0275883,11.5272938,11.3899614,0,AAR,1092583.33333333
747,wabash ,IN,0.023,35069,1524.73913,34462,138,259,123,87,0.73854401,0.35073712,0.24808235,22008,74.3865867,16.0805162,4.98455107,33017,94.1486783,9.1922343,10.4414545,8.93758669,8.08468078,0,AAR,1524739.13043478
3045,walworth,WI,0.032,75000,2343.75,72747,454,201,494,1104,0.268,0.65866667,1.472,46742,79.0210089,23.1569039,6.08232425,71553,95.404,9.64180398,8.69961284,10.9266098,6.89418232,0,AAR,2343750
654,warren,IL,0.033,19181,581.242424,18630,356,20,70,105,0.10426985,0.36494448,0.54741671,12220,76.309329,20.4582651,4.57446809,18323,95.5268234,14.2334771,18.9009662,12.8320964,11.7299162,0,AAR,581242.424242424
748,warren,IN,0.021,8176,389.333333,8140,1,17,15,3,0.20792564,0.1834638,0.03669276,5403,71.6083657,13.399963,3.03535073,8075,98.7646771,9.16408669,11.1265647,7.32876712,11.6384915,0,AAR,389333.333333333
749,warrick,IN,0.023,44920,1953.04348,44274,371,83,157,35,0.18477293,NA,0.0779163,28368,80.1254935,23.8155668,5.85166385,44151,98.2880677,6.58195737,8.66166853,5.20934196,8.198136,1,HLU,1953043.47826087
3046,washburn,WI,0.05,13772,275.44,13585,25,122,33,7,0.88585536,0.23961661,0.05082777,9297,74.8521028,19.0168872,4.02280305,13532,98.2573337,15.8660952,21.4185982,13.6424832,14.329455,0,AAR,275440
655,washington,IL,0.033,14965,453.484848,14856,46,31,26,6,0.20715002,0.17373872,0.04009355,9906,65.7278417,15.9600242,2.44296386,14620,97.6946208,9.28180575,9.81610982,7.66360123,12.3771499,0,LAR,453484.848484848
750,washington,IN,0.03,23717,790.566667,23625,23,28,18,23,0.11805878,0.07589493,0.09697685,14989,66.1685236,10.8145974,2.88211355,23390,98.6212421,14.296708,18.0585852,11.5780578,17.1385238,0,LAR,790566.666666667
2092,washington,OH,0.038,62254,1638.26316,61129,774,111,185,55,0.1783018,0.29716966,0.08834774,40411,77.5061246,19.0096756,4.35524981,60627,97.3865133,13.6737757,17.9894516,12.0116635,12.6052655,1,AAU,1638263.15789474
1277,washt3naw ,MI,0.041,282937,6900.90244,236390,31720,1076,11724,2027,0.38029667,4.14367863,0.7164139,167214,87.209803,48.0785102,20.7913213,261261,92.3389306,12.1629329,10.7978164,13.4554559,7.17477744,1,HAU,6900902.43902439
3048,waukesha,WI,0.034,304715,8962.20588,298313,1096,672,2699,1935,0.22053394,0.8857457,0.63501961,195837,87.9889908,35.3967841,7.66709049,299802,98.3876737,3.1210599,3.78581963,2.59006144,4.08547929,1,HLU,8962205.88235294
3049,waupaca,WI,0.045,46104,1024.53333,45695,22,125,92,170,0.27112615,0.19954885,0.36873156,30109,72.137899,16.5498688,3.13859643,44412,96.3300364,8.48869675,10.071411,6.95379864,10.338641,0,AAR,1024533.33333333
3050,waushara,Wisconsin,0.037,19385,523.918919,19094,29,70,43,149,0.36110395,0.221821,NA,13316,70.0060078,15.064584,2.62090718,19163,98.8547846,13.7869853,20.0507078,11.6957841,11.8045576,0,AAR,523918.918918919
751,wayne,IN,0.024,71951,2997.95833,67532,3795,153,296,175,0.21264472,0.41139109,0.24322108,46603,71.2443405,15.5891252,5.13486256,69370,96.4128365,14.8926049,20.8136394,13.2868788,11.6376769,0,AAR,2997958.33333333
1278,wayne,MI,0.035,2111687,60333.9143,1212007,849109,8048,21704,20819,0.38111709,1.02780384,0.98589422,1324635,69.9515716,19.4104036,4.98575079,2084529,98.7139193,20.0653001,30.56427,17.0662258,13.2473501,1,AHU,60333914.2857143
2093,wayne,OH,0.033,101461,3074.57576,99131,1557,130,535,108,0.12812805,0.5272962,0.10644484,62178,73.5967706,18.4454309,4.79590852,98285,96.8697332,11.6558987,17.2130572,9.51515592,8.91176271,0,AAR,3074575.75757576
1279,wexford,MI,0.034,26360,775.294118,26040,34,178,87,21,0.67526555,0.33004552,0.07966616,16597,74.6158944,18.2322106,3.59703561,26038,98.7784522,14.6401413,20.1308237,12.4565469,12.323275,0,AAR,775294.117647059
657,white,IL,0.029,16522,569.724138,16397,41,37,35,12,0.22394383,0.21183876,0.07263043,11451,66.2212907,15.9287398,3.24862457,16152,97.7605617,19.0564636,27.0340525,16.4872384,16.7161961,0,LHR,569724.137931034
753,white,IN,0.03,23265,775.5,23127,2,50,41,45,0.21491511,0.17623039,0.1934236,15292,77.8773215,16.5838347,5.16609992,22974,98.7491941,7.70436145,8.13656669,6.16872291,11.0403397,0,AAR,775500
658,whiteside,IL,0.041,60186,1467.95122,57135,417,85,187,2362,0.14122886,0.31070349,3.92450071,39020,73.2880574,16.5530497,3.54177345,58927,97.9081514,10.9610196,14.7232262,9.50370254,9.8152526,0,AAR,1467951.2195122
754,whitley,IN,0.02,27651,1382.55,27473,29,73,37,39,0.26400492,0.13381071,0.14104372,17369,78.8761587,15.809776,4.22016236,27251,98.5533977,5.22549631,6.12323492,3.90956194,7.95652174,1,ALU,1382550
660,wi1liamson,IL,0.025,57733,2309.32,56135,1147,112,252,87,0.1939965,0.43649213,0.15069371,38733,71.7811685,21.0595616,4.9802494,56318,97.5490621,15.8013424,22.3945816,13.6188171,13.8197853,0,AAR,2309320
659,will ,IL,0.05,357313,7146.26,303420,38361,692,4774,10066,0.19366774,NA,2.81713792,215823,80.43026,24.7568609,5.88723167,348384,97.5010705,6.03472031,7.46308545,4.79919768,8.5633985,1,HLU,7146260
2094,williams ,OH,0.025,36956,1478.24,36366,23,46,127,394,0.12447235,0.34365191,1.0661327,23340,76.092545,14.4987147,2.70779777,36499,98.7633943,7.55363161,10.6865843,5.92573754,7.44215134,0,AAR,1478240
661,winnebago,IL,0.03,252913,8430.43333,222439,23256,651,2986,3581,0.25740077,1.18064315,1.41590191,163047,76.2964053,22.652364,5.1819414,248507,98.257899,10.11722,14.5814097,8.22470776,9.62654586,1,AAU,8430433.33333333
3051,winnebago,WI,0.035,140320,4009.14286,136822,697,685,1728,388,0.4881699,1.23147092,0.27651083,88960,80.6193795,24.9955036,5.65984712,133950,95.4603763,8.80403135,10.5920306,8.66058681,6.66109376,1,HAU,4009142.85714286
2095,wood,OH,0.037,113269,3061.32432,109303,1168,197,1028,1573,0.17392226,0.90757401,1.38872948,64052,83.7616312,29.0951102,8.33541498,104553,92.3050437,10.5726282,8.76044005,12.2235902,6.93142742,1,HAU,3061324.32432432
3052,wood,WI,0.048,73605,1533.4375,72157,90,481,722,155,0.65348821,0.98091162,0.21058352,46796,78.2951534,21.6663817,4.5837251,72685,98.7500849,8.52583064,11.1629965,7.37565628,7.88291776,0,AAR,1533437.5
2096,wyandot,OH,0.024,22254,927.25,22087,20,20,65,62,0.08987148,0.29208232,0.2786016,14361,76.4709978,13.7107444,2.54856904,21743,97.7037836,8.49468795,9.99170124,7.31604292,9.76552435,0,AAR,927250
